region,feature,value,count_in_region,n_region,fraction_in_region,fraction_overall,odds_ratio
low distortion,d_count,d9,1514,10060,0.1505,0.0586,5.907
low distortion,metal,Cu,1514,10060,0.1505,0.0586,5.907
low distortion,denticity_pattern,2-2-1-1,3127,10060,0.3108,0.1311,5.696
low distortion,has_stereo,True,9870,10060,0.9811,0.9367,4.369
low distortion,metal_row,4,7734,10060,0.7688,0.5425,3.752
low distortion,denticity_pattern,1-1-1-1-1-1,3974,10060,0.395,0.2106,3.663
low distortion,donor_set,Cl,167,10060,0.0166,0.0078,3.416
low distortion,donor_set,"N,O",3853,10060,0.383,0.2162,3.197
low distortion,denticity_pattern,3-3,673,10060,0.0669,0.0348,2.852
low distortion,metal,Co,1597,10060,0.1587,0.0873,2.743
low distortion,donor_set,O,1481,10060,0.1472,0.0815,2.687
low distortion,metal,Cd,436,10060,0.0433,0.0248,2.36
low distortion,d_count,d10,856,10060,0.0851,0.0495,2.351
low distortion,metal,Zn,856,10060,0.0851,0.0495,2.351
high JT proxy,has_stereo,False,1889,22521,0.0839,0.0633,2.271
low distortion,d_count,d8,1628,10060,0.1618,0.099,2.258
low distortion,metal,Ni,1628,10060,0.1618,0.099,2.258
low distortion,oxidation_state,+3,1654,10060,0.1644,0.1021,2.198
low distortion,oxidation_state,+2,5486,10060,0.5453,0.4131,2.037
high JT proxy,denticity_pattern,2-2-2,2157,22521,0.0958,0.0753,1.977
high JT proxy,donor_set,"C,Cl,N",531,22521,0.0236,0.019,1.762
high JT proxy,denticity_pattern,2-1-1-1-1,3067,22521,0.1362,0.113,1.691
high JT proxy,denticity_pattern,1-1,3130,22521,0.139,0.1156,1.68
high JT proxy,metal,Mo,1583,22521,0.0703,0.0579,1.678
high JT proxy,metal,Ir,1200,22521,0.0533,0.0444,1.605
high JT proxy,donor_set,"C,N",1675,22521,0.0744,0.0622,1.603
Oh/TPr boundary,denticity_pattern,2-1-1,549,8800,0.0624,0.0449,1.591
high JT proxy,denticity_pattern,3-1-1-1,1152,22521,0.0512,0.0428,1.591
high JT proxy,metal_row,6,5834,22521,0.259,0.2248,1.552
high JT proxy,donor_set,"C,P",910,22521,0.0404,0.0341,1.543
high JT proxy,denticity_pattern,1-1-1-1,1776,22521,0.0789,0.0671,1.531
high JT proxy,denticity_pattern,2-1-1,1191,22521,0.0529,0.0449,1.525
Oh/TPr boundary,donor_set,"C,N,O",330,8800,0.0375,0.0276,1.522
Oh/TPr boundary,denticity_pattern,2-1-1-1-1,1309,8800,0.1487,0.113,1.517
Oh/TPr boundary,metal,Re,929,8800,0.1056,0.0793,1.517
high JT proxy,metal,W,1228,22521,0.0545,0.0466,1.498
high JT proxy,metal_row,5,5968,22521,0.265,0.2327,1.496
Oh/TPr boundary,metal_row,6,2492,8800,0.2832,0.2248,1.495
high JT proxy,metal,Re,2076,22521,0.0922,0.0793,1.488
Oh/TPr boundary,denticity_pattern,3-1-1-1,500,8800,0.0568,0.0428,1.485
high JT proxy,donor_set,C,625,22521,0.0278,0.0237,1.484
high JT proxy,metal,Ru,2797,22521,0.1242,0.1075,1.477
high JT proxy,donor_set,"C,N,O",724,22521,0.0321,0.0276,1.462
Oh/TPr boundary,metal,Ir,505,8800,0.0574,0.0444,1.426
Oh/TPr boundary,denticity_pattern,1-1-1-1,757,8800,0.086,0.0671,1.425
low distortion,denticity_pattern,4-1-1,569,10060,0.0566,0.0443,1.424
Oh/TPr boundary,metal,W,528,8800,0.06,0.0466,1.423
Oh/TPr boundary,denticity_pattern,1-1,1282,8800,0.1457,0.1156,1.416
Oh/TPr boundary,donor_set,"C,N",699,8800,0.0794,0.0622,1.412
Oh/TPr boundary,metal,Cr,360,8800,0.0409,0.0322,1.386
Oh/TPr boundary,donor_set,"C,Cl,N",211,8800,0.024,0.019,1.367
Oh/TPr boundary,metal,Ru,1129,8800,0.1283,0.1075,1.297
Oh/TPr boundary,metal,Mo,613,8800,0.0697,0.0579,1.293
low distortion,donor_set,"N,S",151,10060,0.015,0.0125,1.289
Oh/TPr boundary,metal_row,5,2312,8800,0.2627,0.2327,1.23
Oh/TPr boundary,denticity_pattern,2-2-2,767,8800,0.0872,0.0753,1.229
Oh/TPr boundary,donor_set,"C,P",345,8800,0.0392,0.0341,1.206
Oh/TPr boundary,oxidation_state,+4,246,8800,0.028,0.0249,1.168
high JT proxy,oxidation_state,+4,588,22521,0.0261,0.0249,1.12
low distortion,metal,Mn,815,10060,0.081,0.0749,1.12
Oh/TPr boundary,donor_set,C,225,8800,0.0256,0.0237,1.105
high JT proxy,donor_set,"Cl,N,O",610,22521,0.0271,0.026,1.096
high JT proxy,donor_set,N,3596,22521,0.1597,0.1543,1.094
high JT proxy,donor_set,"Cl,N",1217,22521,0.054,0.0521,1.09
Oh/TPr boundary,donor_set,"Cl,N,O",243,8800,0.0276,0.026,1.081
Oh/TPr boundary,donor_set,"Cl,N",483,8800,0.0549,0.0521,1.073
high JT proxy,metal,Fe,2258,22521,0.1003,0.0985,1.045
Oh/TPr boundary,has_stereo,True,8259,8800,0.9385,0.9367,1.041
high JT proxy,d_count,d6,7515,22521,0.3337,0.333,1.007
Oh/TPr boundary,d_count,d6,2929,8800,0.3328,0.333,0.999
low distortion,d_count,d6,3337,10060,0.3317,0.333,0.992
high JT proxy,metal,Mn,1676,22521,0.0744,0.0749,0.984
Oh/TPr boundary,metal,Fe,853,8800,0.0969,0.0985,0.978
low distortion,donor_set,N,1525,10060,0.1516,0.1543,0.973
low distortion,metal,Fe,965,10060,0.0959,0.0985,0.962
Oh/TPr boundary,has_stereo,False,541,8800,0.0615,0.0633,0.961
Oh/TPr boundary,donor_set,N,1265,8800,0.1437,0.1543,0.9
Oh/TPr boundary,metal,Mn,610,8800,0.0693,0.0749,0.9
Oh/TPr boundary,denticity_pattern,4-1-1,347,8800,0.0394,0.0443,0.858
high JT proxy,denticity_pattern,4-1-1,918,22521,0.0408,0.0443,0.832
low distortion,donor_set,"Cl,N",456,10060,0.0453,0.0521,0.827
low distortion,donor_set,"Cl,N,O",224,10060,0.0223,0.026,0.813
Oh/TPr boundary,oxidation_state,+2,3205,8800,0.3642,0.4131,0.771
low distortion,oxidation_state,+4,195,10060,0.0194,0.0249,0.723
Oh/TPr boundary,oxidation_state,+3,701,8800,0.0797,0.1021,0.713
high JT proxy,oxidation_state,+2,8403,22521,0.3731,0.4131,0.696
Oh/TPr boundary,d_count,d8,660,8800,0.075,0.099,0.688
Oh/TPr boundary,metal,Ni,660,8800,0.075,0.099,0.688
Oh/TPr boundary,donor_set,"N,O",1478,8800,0.168,0.2162,0.679
Oh/TPr boundary,donor_set,O,528,8800,0.06,0.0815,0.667
Oh/TPr boundary,denticity_pattern,3-3,222,8800,0.0252,0.0348,0.666
Oh/TPr boundary,d_count,d10,316,8800,0.0359,0.0495,0.663
Oh/TPr boundary,metal_row,4,3996,8800,0.4541,0.5425,0.637
high JT proxy,oxidation_state,+3,1872,22521,0.0831,0.1021,0.635
high JT proxy,d_count,d8,1807,22521,0.0802,0.099,0.632
high JT proxy,metal,Ni,1807,22521,0.0802,0.099,0.632
high JT proxy,d_count,d10,876,22521,0.0389,0.0495,0.611
high JT proxy,metal,Zn,876,22521,0.0389,0.0495,0.611
Oh/TPr boundary,metal,Co,526,8800,0.0598,0.0873,0.607
Oh/TPr boundary,denticity_pattern,1-1-1-1-1-1,1280,8800,0.1455,0.2106,0.576
high JT proxy,metal,Co,1490,22521,0.0662,0.0873,0.559
high JT proxy,metal_row,4,10719,22521,0.476,0.5425,0.552
high JT proxy,donor_set,O,1363,22521,0.0605,0.0815,0.54
high JT proxy,denticity_pattern,3-3,546,22521,0.0242,0.0348,0.499
high JT proxy,donor_set,"N,O",3615,22521,0.1605,0.2162,0.485
low distortion,donor_set,C,131,10060,0.013,0.0237,0.473
high JT proxy,denticity_pattern,1-1-1-1-1-1,3459,22521,0.1536,0.2106,0.47
high JT proxy,has_stereo,True,20632,22521,0.9161,0.9367,0.44
Oh/TPr boundary,denticity_pattern,2-2-1-1,616,8800,0.07,0.1311,0.435
low distortion,metal_row,5,1351,10060,0.1343,0.2327,0.432
Oh/TPr boundary,d_count,d9,247,8800,0.0281,0.0586,0.403
low distortion,metal,Ru,523,10060,0.052,0.1075,0.383
low distortion,donor_set,"C,P",156,10060,0.0155,0.0341,0.377
high JT proxy,denticity_pattern,2-2-1-1,1682,22521,0.0747,0.1311,0.326
low distortion,metal_row,6,975,10060,0.0969,0.2248,0.296
high JT proxy,d_count,d9,665,22521,0.0295,0.0586,0.295
low distortion,denticity_pattern,1-1-1-1,242,10060,0.0241,0.0671,0.28
low distortion,metal,Mo,200,10060,0.0199,0.0579,0.269
low distortion,metal,Re,276,10060,0.0274,0.0793,0.266
low distortion,donor_set,"C,N",201,10060,0.02,0.0622,0.249
low distortion,denticity_pattern,1-1,371,10060,0.0369,0.1156,0.234
low distortion,has_stereo,False,190,10060,0.0189,0.0633,0.229
low distortion,denticity_pattern,3-1-1-1,118,10060,0.0117,0.0428,0.213
low distortion,denticity_pattern,2-1-1,117,10060,0.0116,0.0449,0.2
low distortion,denticity_pattern,2-1-1-1-1,299,10060,0.0297,0.113,0.189
low distortion,denticity_pattern,2-2-2,192,10060,0.0191,0.0753,0.189
