subtask,method,pool_id,n_candidates,n_positives,n_negatives,top1_correct,top1_score,top5_has_correct
A_same_metal_cn,coordrep_full,MOF_ABAXIN,23,14,4,True,0.8818,True
A_same_metal_cn,coordrep_full,MOF_ABAXUZ,23,15,4,True,1.0,True
A_same_metal_cn,coordrep_full,MOF_ABAYAG,23,15,4,True,1.0,True
A_same_metal_cn,coordrep_full,MOF_ABAZAF,23,16,2,True,1.0,True
A_same_metal_cn,coordrep_full,MOF_ABETEJ,58,23,23,True,1.0,True
A_same_metal_cn,coordrep_full,MOF_ABEWEN,7,1,5,True,0.8846,True
A_same_metal_cn,coordrep_full,MOF_ABIXIU,58,35,14,True,1.0,True
A_same_metal_cn,coordrep_full,MOF_ABIYUJ,13,5,8,True,1.0,True
A_same_metal_cn,coordrep_full,MOF_ABOCUP,12,8,1,True,0.8583,True
A_same_metal_cn,coordrep_full,MOF_ABOSIX,58,9,28,True,0.84,True
A_same_metal_cn,coordrep_full,MOF_ABOTUG01,27,13,2,True,1.0,True
A_same_metal_cn,coordrep_full,MOF_ABOTUG03,27,1,14,True,0.8067,True
A_same_metal_cn,coordrep_full,MOF_ABOWIA,57,23,22,True,1.0,True
A_same_metal_cn,coordrep_full,MOF_ABULUG,8,4,3,True,1.0,True
A_same_metal_cn,coordrep_full,MOF_ACAKEX,12,8,1,True,0.8583,True
A_same_metal_cn,coordrep_full,MOF_ACBACU,58,35,15,True,0.8667,True
A_same_metal_cn,coordrep_full,MOF_ACEDUJ,12,6,1,True,1.0,True
A_same_metal_cn,coordrep_full,MOF_ACEKOK,8,4,3,True,1.0,True
A_same_metal_cn,coordrep_full,MOF_ACELIF,27,12,4,True,1.0,True
A_same_metal_cn,coordrep_full,MOF_ACEPAD,27,6,10,True,0.84,True
A_same_metal_cn,coordrep_full,MOF_ACEPIH,12,6,1,True,1.0,True
A_same_metal_cn,coordrep_full,MOF_ACESAG,8,4,3,True,1.0,True
A_same_metal_cn,coordrep_full,MOF_ACIJAX,12,10,1,True,1.0,True
A_same_metal_cn,coordrep_full,MOF_ACIQIN,24,14,2,True,0.85,True
A_same_metal_cn,coordrep_full,MOF_ACISEM,57,25,22,True,1.0,True
A_same_metal_cn,coordrep_full,MOF_ACISOW,13,4,7,True,0.8333,True
A_same_metal_cn,coordrep_full,MOF_ACITAK,8,2,5,True,0.85,True
A_same_metal_cn,coordrep_full,MOF_ACITOV,5,2,3,True,1.0,True
A_same_metal_cn,coordrep_full,MOF_ACIYER,7,4,1,True,0.8667,True
A_same_metal_cn,coordrep_full,MOF_ACIYER01,7,4,1,True,0.8667,True
A_same_metal_cn,coordrep_full,MOF_ACIYER02,7,4,1,True,0.8667,True
A_same_metal_cn,coordrep_full,MOF_ACIYER07,7,4,1,True,0.8667,True
A_same_metal_cn,coordrep_full,MOF_ACIYIV,7,4,1,True,0.8667,True
A_same_metal_cn,coordrep_full,MOF_ACUFUR,12,6,1,True,1.0,True
A_same_metal_cn,coordrep_full,MOF_ACUFUR01,12,6,1,True,1.0,True
A_same_metal_cn,coordrep_full,MOF_ACUQEX,23,3,8,True,0.86,True
A_same_metal_cn,coordrep_full,MOF_ACUQUO,24,7,3,True,0.85,True
A_same_metal_cn,coordrep_full,MOF_ADAXIP,58,35,14,True,1.0,True
A_same_metal_cn,coordrep_full,MOF_ADEFAS,58,27,19,True,1.0,True
A_same_metal_cn,coordrep_full,MOF_ADEFEW,58,27,19,True,1.0,True
A_same_metal_cn,coordrep_full,MOF_ADEFOG,58,27,19,True,1.0,True
A_same_metal_cn,donor_baseline,MOF_ABAXIN,23,14,4,True,0.9394,True
A_same_metal_cn,donor_baseline,MOF_ABAXUZ,23,15,4,True,1.0,True
A_same_metal_cn,donor_baseline,MOF_ABAYAG,23,15,4,True,1.0,True
A_same_metal_cn,donor_baseline,MOF_ABAZAF,23,16,2,True,1.0,True
A_same_metal_cn,donor_baseline,MOF_ABETEJ,58,23,23,True,1.0,True
A_same_metal_cn,donor_baseline,MOF_ABEWEN,7,1,5,True,0.9487,True
A_same_metal_cn,donor_baseline,MOF_ABIXIU,58,35,14,True,1.0,True
A_same_metal_cn,donor_baseline,MOF_ABIYUJ,13,5,8,True,1.0,True
A_same_metal_cn,donor_baseline,MOF_ABOCUP,12,8,1,True,0.9444,True
A_same_metal_cn,donor_baseline,MOF_ABOSIX,58,9,28,True,1.0,True
A_same_metal_cn,donor_baseline,MOF_ABOTUG01,27,13,2,True,1.0,True
A_same_metal_cn,donor_baseline,MOF_ABOTUG03,27,1,14,False,0.9444,False
A_same_metal_cn,donor_baseline,MOF_ABOWIA,57,23,22,True,1.0,True
A_same_metal_cn,donor_baseline,MOF_ABULUG,8,4,3,True,1.0,True
A_same_metal_cn,donor_baseline,MOF_ACAKEX,12,8,1,True,0.9444,True
A_same_metal_cn,donor_baseline,MOF_ACBACU,58,35,15,False,0.9333,False
A_same_metal_cn,donor_baseline,MOF_ACEDUJ,12,6,1,True,1.0,True
A_same_metal_cn,donor_baseline,MOF_ACEKOK,8,4,3,True,1.0,True
A_same_metal_cn,donor_baseline,MOF_ACELIF,27,12,4,True,1.0,True
A_same_metal_cn,donor_baseline,MOF_ACEPAD,27,6,10,True,1.0,True
A_same_metal_cn,donor_baseline,MOF_ACEPIH,12,6,1,True,1.0,True
A_same_metal_cn,donor_baseline,MOF_ACESAG,8,4,3,True,1.0,True
A_same_metal_cn,donor_baseline,MOF_ACIJAX,12,10,1,True,1.0,True
A_same_metal_cn,donor_baseline,MOF_ACIQIN,24,14,2,False,0.9722,True
A_same_metal_cn,donor_baseline,MOF_ACISEM,57,25,22,True,1.0,True
A_same_metal_cn,donor_baseline,MOF_ACISOW,13,4,7,False,0.9167,True
A_same_metal_cn,donor_baseline,MOF_ACITAK,8,2,5,True,0.8333,True
A_same_metal_cn,donor_baseline,MOF_ACITOV,5,2,3,True,1.0,True
A_same_metal_cn,donor_baseline,MOF_ACIYER,7,4,1,True,0.8889,True
A_same_metal_cn,donor_baseline,MOF_ACIYER01,7,4,1,True,0.8889,True
A_same_metal_cn,donor_baseline,MOF_ACIYER02,7,4,1,True,0.8889,True
A_same_metal_cn,donor_baseline,MOF_ACIYER07,7,4,1,True,0.8889,True
A_same_metal_cn,donor_baseline,MOF_ACIYIV,7,4,1,True,0.8889,True
A_same_metal_cn,donor_baseline,MOF_ACUFUR,12,6,1,True,1.0,True
A_same_metal_cn,donor_baseline,MOF_ACUFUR01,12,6,1,True,1.0,True
A_same_metal_cn,donor_baseline,MOF_ACUQEX,23,3,8,True,0.8667,True
A_same_metal_cn,donor_baseline,MOF_ACUQUO,24,7,3,False,0.8571,True
A_same_metal_cn,donor_baseline,MOF_ADAXIP,58,35,14,True,1.0,True
A_same_metal_cn,donor_baseline,MOF_ADEFAS,58,27,19,True,1.0,True
A_same_metal_cn,donor_baseline,MOF_ADEFEW,58,27,19,True,1.0,True
A_same_metal_cn,donor_baseline,MOF_ADEFOG,58,27,19,True,1.0,True
A_same_metal_cn,cshm_only,MOF_ABAXIN,23,14,4,True,1.0,True
A_same_metal_cn,cshm_only,MOF_ABAXUZ,23,15,4,False,1.0,True
A_same_metal_cn,cshm_only,MOF_ABAYAG,23,15,4,True,1.0,True
A_same_metal_cn,cshm_only,MOF_ABAZAF,23,16,2,False,1.0,True
A_same_metal_cn,cshm_only,MOF_ABETEJ,58,23,23,True,1.0,True
A_same_metal_cn,cshm_only,MOF_ABEWEN,7,1,5,True,1.0,True
A_same_metal_cn,cshm_only,MOF_ABIXIU,58,35,14,True,1.0,True
A_same_metal_cn,cshm_only,MOF_ABIYUJ,13,5,8,True,1.0,True
A_same_metal_cn,cshm_only,MOF_ABOCUP,12,8,1,False,1.0,True
A_same_metal_cn,cshm_only,MOF_ABOSIX,58,9,28,False,1.0,True
A_same_metal_cn,cshm_only,MOF_ABOTUG01,27,13,2,True,1.0,True
A_same_metal_cn,cshm_only,MOF_ABOTUG03,27,1,14,False,1.0,False
A_same_metal_cn,cshm_only,MOF_ABOWIA,57,23,22,False,1.0,True
A_same_metal_cn,cshm_only,MOF_ABULUG,8,4,3,True,1.0,True
A_same_metal_cn,cshm_only,MOF_ACAKEX,12,8,1,True,1.0,True
A_same_metal_cn,cshm_only,MOF_ACBACU,58,35,15,False,1.0,True
A_same_metal_cn,cshm_only,MOF_ACEDUJ,12,6,1,True,1.0,True
A_same_metal_cn,cshm_only,MOF_ACEKOK,8,4,3,True,1.0,True
A_same_metal_cn,cshm_only,MOF_ACELIF,27,12,4,True,1.0,True
A_same_metal_cn,cshm_only,MOF_ACEPAD,27,6,10,False,1.0,True
A_same_metal_cn,cshm_only,MOF_ACEPIH,12,6,1,True,1.0,True
A_same_metal_cn,cshm_only,MOF_ACESAG,8,4,3,False,1.0,True
A_same_metal_cn,cshm_only,MOF_ACIJAX,12,10,1,True,1.0,True
A_same_metal_cn,cshm_only,MOF_ACIQIN,24,14,2,True,1.0,True
A_same_metal_cn,cshm_only,MOF_ACISEM,57,25,22,True,1.0,True
A_same_metal_cn,cshm_only,MOF_ACISOW,13,4,7,False,1.0,True
A_same_metal_cn,cshm_only,MOF_ACITAK,8,2,5,True,1.0,True
A_same_metal_cn,cshm_only,MOF_ACITOV,5,2,3,False,1.0,True
A_same_metal_cn,cshm_only,MOF_ACIYER,7,4,1,True,1.0,True
A_same_metal_cn,cshm_only,MOF_ACIYER01,7,4,1,True,1.0,True
A_same_metal_cn,cshm_only,MOF_ACIYER02,7,4,1,True,1.0,True
A_same_metal_cn,cshm_only,MOF_ACIYER07,7,4,1,False,1.0,True
A_same_metal_cn,cshm_only,MOF_ACIYIV,7,4,1,False,1.0,True
A_same_metal_cn,cshm_only,MOF_ACUFUR,12,6,1,True,1.0,True
A_same_metal_cn,cshm_only,MOF_ACUFUR01,12,6,1,False,1.0,True
A_same_metal_cn,cshm_only,MOF_ACUQEX,23,3,8,False,1.0,False
A_same_metal_cn,cshm_only,MOF_ACUQUO,24,7,3,False,1.0,True
A_same_metal_cn,cshm_only,MOF_ADAXIP,58,35,14,True,1.0,True
A_same_metal_cn,cshm_only,MOF_ADEFAS,58,27,19,False,1.0,True
A_same_metal_cn,cshm_only,MOF_ADEFEW,58,27,19,False,1.0,True
A_same_metal_cn,cshm_only,MOF_ADEFOG,58,27,19,False,1.0,True
A_same_metal_cn,L3_only,MOF_ABAXIN,23,14,4,True,0.0,True
A_same_metal_cn,L3_only,MOF_ABAXUZ,23,15,4,True,1.0,True
A_same_metal_cn,L3_only,MOF_ABAYAG,23,15,4,True,1.0,True
A_same_metal_cn,L3_only,MOF_ABAZAF,23,16,2,True,1.0,True
A_same_metal_cn,L3_only,MOF_ABETEJ,58,23,23,True,1.0,True
A_same_metal_cn,L3_only,MOF_ABEWEN,7,1,5,True,0.0,True
A_same_metal_cn,L3_only,MOF_ABIXIU,58,35,14,True,1.0,True
A_same_metal_cn,L3_only,MOF_ABIYUJ,13,5,8,True,1.0,True
A_same_metal_cn,L3_only,MOF_ABOCUP,12,8,1,False,0.0,True
A_same_metal_cn,L3_only,MOF_ABOSIX,58,9,28,False,0.0,True
A_same_metal_cn,L3_only,MOF_ABOTUG01,27,13,2,True,1.0,True
A_same_metal_cn,L3_only,MOF_ABOTUG03,27,1,14,False,0.0,False
A_same_metal_cn,L3_only,MOF_ABOWIA,57,23,22,True,1.0,True
A_same_metal_cn,L3_only,MOF_ABULUG,8,4,3,True,1.0,True
A_same_metal_cn,L3_only,MOF_ACAKEX,12,8,1,True,0.0,True
A_same_metal_cn,L3_only,MOF_ACBACU,58,35,15,False,0.0,True
A_same_metal_cn,L3_only,MOF_ACEDUJ,12,6,1,True,1.0,True
A_same_metal_cn,L3_only,MOF_ACEKOK,8,4,3,True,1.0,True
A_same_metal_cn,L3_only,MOF_ACELIF,27,12,4,True,1.0,True
A_same_metal_cn,L3_only,MOF_ACEPAD,27,6,10,False,0.0,True
A_same_metal_cn,L3_only,MOF_ACEPIH,12,6,1,True,1.0,True
A_same_metal_cn,L3_only,MOF_ACESAG,8,4,3,True,1.0,True
A_same_metal_cn,L3_only,MOF_ACIJAX,12,10,1,True,1.0,True
A_same_metal_cn,L3_only,MOF_ACIQIN,24,14,2,True,0.0,True
A_same_metal_cn,L3_only,MOF_ACISEM,57,25,22,True,1.0,True
A_same_metal_cn,L3_only,MOF_ACISOW,13,4,7,False,0.0,True
A_same_metal_cn,L3_only,MOF_ACITAK,8,2,5,True,0.0,True
A_same_metal_cn,L3_only,MOF_ACITOV,5,2,3,True,1.0,True
A_same_metal_cn,L3_only,MOF_ACIYER,7,4,1,True,0.0,True
A_same_metal_cn,L3_only,MOF_ACIYER01,7,4,1,True,0.0,True
A_same_metal_cn,L3_only,MOF_ACIYER02,7,4,1,True,0.0,True
A_same_metal_cn,L3_only,MOF_ACIYER07,7,4,1,False,0.0,True
A_same_metal_cn,L3_only,MOF_ACIYIV,7,4,1,False,0.0,True
A_same_metal_cn,L3_only,MOF_ACUFUR,12,6,1,True,1.0,True
A_same_metal_cn,L3_only,MOF_ACUFUR01,12,6,1,True,1.0,True
A_same_metal_cn,L3_only,MOF_ACUQEX,23,3,8,False,0.0,False
A_same_metal_cn,L3_only,MOF_ACUQUO,24,7,3,False,0.0,True
A_same_metal_cn,L3_only,MOF_ADAXIP,58,35,14,True,1.0,True
A_same_metal_cn,L3_only,MOF_ADEFAS,58,27,19,True,1.0,True
A_same_metal_cn,L3_only,MOF_ADEFEW,58,27,19,True,1.0,True
A_same_metal_cn,L3_only,MOF_ADEFOG,58,27,19,True,1.0,True
A_same_metal_cn,random_same_donor,MOF_ABAXIN,23,14,4,True,0.9997,True
A_same_metal_cn,random_same_donor,MOF_ABAXUZ,23,15,4,False,0.9711,True
A_same_metal_cn,random_same_donor,MOF_ABAYAG,23,15,4,False,0.972,True
A_same_metal_cn,random_same_donor,MOF_ABAZAF,23,16,2,True,0.8573,True
A_same_metal_cn,random_same_donor,MOF_ABETEJ,58,23,23,False,0.9571,True
A_same_metal_cn,random_same_donor,MOF_ABEWEN,7,1,5,False,0.7227,True
A_same_metal_cn,random_same_donor,MOF_ABIXIU,58,35,14,False,0.9793,True
A_same_metal_cn,random_same_donor,MOF_ABIYUJ,13,5,8,False,0.9842,False
A_same_metal_cn,random_same_donor,MOF_ABOCUP,12,8,1,False,0.9059,True
A_same_metal_cn,random_same_donor,MOF_ABOSIX,58,9,28,False,0.9761,False
A_same_metal_cn,random_same_donor,MOF_ABOTUG01,27,13,2,True,0.8984,True
A_same_metal_cn,random_same_donor,MOF_ABOTUG03,27,1,14,False,0.9608,False
A_same_metal_cn,random_same_donor,MOF_ABOWIA,57,23,22,True,0.9974,True
A_same_metal_cn,random_same_donor,MOF_ABULUG,8,4,3,True,0.9226,True
A_same_metal_cn,random_same_donor,MOF_ACAKEX,12,8,1,True,0.8945,True
A_same_metal_cn,random_same_donor,MOF_ACBACU,58,35,15,False,0.9927,True
A_same_metal_cn,random_same_donor,MOF_ACEDUJ,12,6,1,False,0.978,True
A_same_metal_cn,random_same_donor,MOF_ACEKOK,8,4,3,False,0.8924,True
A_same_metal_cn,random_same_donor,MOF_ACELIF,27,12,4,True,0.9221,True
A_same_metal_cn,random_same_donor,MOF_ACEPAD,27,6,10,False,0.9863,False
A_same_metal_cn,random_same_donor,MOF_ACEPIH,12,6,1,True,0.9957,True
A_same_metal_cn,random_same_donor,MOF_ACESAG,8,4,3,False,0.8669,True
A_same_metal_cn,random_same_donor,MOF_ACIJAX,12,10,1,True,0.9584,True
A_same_metal_cn,random_same_donor,MOF_ACIQIN,24,14,2,True,0.9155,True
A_same_metal_cn,random_same_donor,MOF_ACISEM,57,25,22,False,0.9643,True
A_same_metal_cn,random_same_donor,MOF_ACISOW,13,4,7,True,0.9684,True
A_same_metal_cn,random_same_donor,MOF_ACITAK,8,2,5,False,0.91,True
A_same_metal_cn,random_same_donor,MOF_ACITOV,5,2,3,True,0.9,True
A_same_metal_cn,random_same_donor,MOF_ACIYER,7,4,1,True,0.9585,True
A_same_metal_cn,random_same_donor,MOF_ACIYER01,7,4,1,True,0.9937,True
A_same_metal_cn,random_same_donor,MOF_ACIYER02,7,4,1,False,0.8607,True
A_same_metal_cn,random_same_donor,MOF_ACIYER07,7,4,1,True,0.9302,True
A_same_metal_cn,random_same_donor,MOF_ACIYIV,7,4,1,False,0.8339,True
A_same_metal_cn,random_same_donor,MOF_ACUFUR,12,6,1,False,0.8576,False
A_same_metal_cn,random_same_donor,MOF_ACUFUR01,12,6,1,False,0.9926,True
A_same_metal_cn,random_same_donor,MOF_ACUQEX,23,3,8,False,0.9655,False
A_same_metal_cn,random_same_donor,MOF_ACUQUO,24,7,3,True,0.9602,True
A_same_metal_cn,random_same_donor,MOF_ADAXIP,58,35,14,True,0.9853,True
A_same_metal_cn,random_same_donor,MOF_ADEFAS,58,27,19,False,0.9946,True
A_same_metal_cn,random_same_donor,MOF_ADEFEW,58,27,19,False,0.9914,True
A_same_metal_cn,random_same_donor,MOF_ADEFOG,58,27,19,False,0.993,True
B_same_metal,coordrep_full,MOF_ABAMIC,10,3,3,True,0.7467,True
B_same_metal,coordrep_full,MOF_ABAVOP,35,1,15,True,0.6208,True
B_same_metal,coordrep_full,MOF_ABAVUV,64,14,9,True,0.6371,True
B_same_metal,coordrep_full,MOF_ABAXIN,45,19,15,True,0.8818,True
B_same_metal,coordrep_full,MOF_ABAXOT,45,19,13,True,0.7,True
B_same_metal,coordrep_full,MOF_ABAXUZ,45,21,14,True,1.0,True
B_same_metal,coordrep_full,MOF_ABAYAE,23,9,10,True,0.6964,True
B_same_metal,coordrep_full,MOF_ABAYAG,45,21,14,True,1.0,True
B_same_metal,coordrep_full,MOF_ABAZAF,45,22,12,True,1.0,True
B_same_metal,coordrep_full,MOF_ABAZEJ,45,1,18,True,0.6312,True
B_same_metal,coordrep_full,MOF_ABEDET01,64,14,9,True,0.6371,True
B_same_metal,coordrep_full,MOF_ABEMUR,25,6,5,True,1.0,True
B_same_metal,coordrep_full,MOF_ABETEJ,148,30,60,True,1.0,True
B_same_metal,coordrep_full,MOF_ABEWEN,35,1,16,True,0.8846,True
B_same_metal,coordrep_full,MOF_ABIFEX,32,8,8,True,0.6208,True
B_same_metal,coordrep_full,MOF_ABIQAE,17,2,9,False,0.5982,True
B_same_metal,coordrep_full,MOF_ABIRAF,25,6,5,True,0.65,True
B_same_metal,coordrep_full,MOF_ABIREJ,25,6,5,True,0.65,True
B_same_metal,coordrep_full,MOF_ABIRIN,25,6,5,True,0.65,True
B_same_metal,coordrep_full,MOF_ABIVEO,64,2,10,False,0.6105,True
B_same_metal,coordrep_full,MOF_ABIWEN,30,6,15,True,0.625,True
B_same_metal,coordrep_full,MOF_ABIWOY,148,2,97,True,0.613,True
B_same_metal,coordrep_full,MOF_ABIXIU,148,55,50,True,1.0,True
B_same_metal,coordrep_full,MOF_ABIYUJ,45,24,12,True,1.0,True
B_same_metal,coordrep_full,MOF_ABOBIC,62,9,25,False,0.6108,False
B_same_metal,coordrep_full,MOF_ABOBUQ,25,4,5,True,0.6625,True
B_same_metal,coordrep_full,MOF_ABOCUP,148,55,50,True,0.8583,True
B_same_metal,coordrep_full,MOF_ABOKAD,25,4,5,True,0.6625,True
B_same_metal,coordrep_full,MOF_ABOSET,148,37,50,True,0.6208,True
B_same_metal,coordrep_full,MOF_ABOSIX,148,16,93,True,0.84,True
B_same_metal,coordrep_full,MOF_ABOSOC,23,2,11,False,0.7143,True
B_same_metal,coordrep_full,MOF_ABOSUJ,148,1,87,False,0.5686,False
B_same_metal,coordrep_full,MOF_ABOTUG,35,1,15,True,0.6208,True
B_same_metal,coordrep_full,MOF_ABOTUG01,64,19,9,True,1.0,True
B_same_metal,coordrep_full,MOF_ABOTUG02,35,1,9,True,0.6417,True
B_same_metal,coordrep_full,MOF_ABOTUG03,64,1,45,True,0.8067,True
B_same_metal,coordrep_full,MOF_ABOWIA,148,47,55,True,1.0,True
B_same_metal,coordrep_full,MOF_ABUFOU,32,9,8,True,0.6208,True
B_same_metal,coordrep_full,MOF_ABUFUA,75,5,30,True,0.6208,True
B_same_metal,coordrep_full,MOF_ABUHAJ,11,4,1,True,0.7443,True
B_same_metal,coordrep_full,MOF_ABULUG,17,5,7,True,1.0,True
B_same_metal,coordrep_full,MOF_ABUQEU,18,1,5,True,0.65,True
B_same_metal,coordrep_full,MOF_ABZCUH,17,3,7,False,0.6074,True
B_same_metal,coordrep_full,MOF_ABZCUH01,17,3,7,False,0.6074,True
B_same_metal,coordrep_full,MOF_ABZCUH02,17,3,7,False,0.6074,True
B_same_metal,coordrep_full,MOF_ABZCUH03,17,3,7,False,0.6074,True
B_same_metal,coordrep_full,MOF_ACABEM,23,10,10,True,0.6538,True
B_same_metal,coordrep_full,MOF_ACAGEQ,62,15,24,True,0.6208,True
B_same_metal,coordrep_full,MOF_ACAGOB,17,2,8,True,0.6208,True
B_same_metal,coordrep_full,MOF_ACAJEU,148,47,55,True,0.65,True
B_same_metal,coordrep_full,MOF_ACAJIY,11,1,9,False,0.6323,True
B_same_metal,coordrep_full,MOF_ACAJOG,23,9,10,True,0.8875,True
B_same_metal,coordrep_full,MOF_ACAKEX,148,49,51,True,0.8583,True
B_same_metal,coordrep_full,MOF_ACAKUO,17,1,15,True,0.7114,True
B_same_metal,coordrep_full,MOF_ACALID,17,4,7,True,0.875,True
B_same_metal,coordrep_full,MOF_ACAQII,17,4,7,True,0.875,True
B_same_metal,coordrep_full,MOF_ACASUT,30,2,18,True,0.65,True
B_same_metal,coordrep_full,MOF_ACATIJ,25,8,5,True,0.9,True
B_same_metal,coordrep_full,MOF_ACAVOT,11,2,4,True,0.5757,True
B_same_metal,coordrep_full,MOF_ACBACU,148,56,52,True,0.8667,True
B_same_metal,coordrep_full,MOF_ACEBOA,17,5,9,True,0.6208,True
B_same_metal,coordrep_full,MOF_ACEDUJ,148,26,60,True,1.0,True
B_same_metal,coordrep_full,MOF_ACEKEZ,32,1,19,True,0.5592,True
B_same_metal,coordrep_full,MOF_ACEKOK,17,5,7,True,1.0,True
B_same_metal,coordrep_full,MOF_ACELIF,62,15,18,True,1.0,True
B_same_metal,coordrep_full,MOF_ACEMAA,23,2,9,True,0.7063,True
B_same_metal,coordrep_full,MOF_ACEMEE,23,2,9,True,0.7375,True
B_same_metal,coordrep_full,MOF_ACEMII,148,26,60,True,0.7042,True
B_same_metal,coordrep_full,MOF_ACEPAD,62,6,42,True,0.84,True
B_same_metal,coordrep_full,MOF_ACEPIH,148,26,60,True,1.0,True
B_same_metal,coordrep_full,MOF_ACESAG,17,5,7,True,1.0,True
B_same_metal,coordrep_full,MOF_ACETIP,25,7,5,True,1.0,True
B_same_metal,coordrep_full,MOF_ACETOV,25,7,5,True,1.0,True
B_same_metal,coordrep_full,MOF_ACEVIR,25,7,5,True,1.0,True
B_same_metal,coordrep_full,MOF_ACEVOX,25,8,5,True,0.9,True
B_same_metal,coordrep_full,MOF_ACEWAJ,45,2,20,True,0.5366,True
B_same_metal,coordrep_full,MOF_ACEWEN,45,1,20,False,0.4783,False
B_same_metal,coordrep_full,MOF_ACEWIR,45,2,20,True,0.5366,True
B_same_metal,coordrep_full,MOF_ACICOF,45,20,12,True,0.6208,True
B_same_metal,coordrep_full,MOF_ACIDAT,148,25,50,True,0.625,True
B_same_metal,coordrep_full,MOF_ACIJAX,148,49,49,True,1.0,True
B_same_metal,coordrep_full,MOF_ACIJEB,62,15,24,True,0.6208,True
B_same_metal,coordrep_full,MOF_ACIQIN,32,16,7,True,0.85,True
B_same_metal,coordrep_full,MOF_ACIRIP,17,4,9,True,0.6,True
B_same_metal,coordrep_full,MOF_ACIROV,25,8,5,True,0.6312,True
B_same_metal,coordrep_full,MOF_ACISAK,17,3,8,True,1.0,True
B_same_metal,coordrep_full,MOF_ACISEM,148,28,53,True,1.0,True
B_same_metal,coordrep_full,MOF_ACISIQ,148,7,60,True,0.6312,True
B_same_metal,coordrep_full,MOF_ACISOW,45,9,14,True,0.8333,True
B_same_metal,coordrep_full,MOF_ACITAK,148,3,59,True,0.85,True
B_same_metal,coordrep_full,MOF_ACITOV,30,6,11,True,1.0,True
B_same_metal,coordrep_full,MOF_ACIYER,37,6,17,True,0.8667,True
B_same_metal,coordrep_full,MOF_ACIYER01,37,6,17,True,0.8667,True
B_same_metal,coordrep_full,MOF_ACIYER02,37,6,17,True,0.8667,True
B_same_metal,coordrep_full,MOF_ACIYER07,37,6,17,True,0.8667,True
B_same_metal,coordrep_full,MOF_ACIYIV,37,6,17,True,0.8667,True
B_same_metal,coordrep_full,MOF_ACMCRU,25,7,6,True,0.65,True
B_same_metal,coordrep_full,MOF_ACMCRU01,25,7,6,True,0.65,True
B_same_metal,coordrep_full,MOF_ACMONA,22,4,9,True,1.0,True
B_same_metal,coordrep_full,MOF_ACNBPC,62,12,26,True,0.725,True
B_same_metal,coordrep_full,MOF_ACOHUW,32,2,7,False,0.6087,False
B_same_metal,coordrep_full,MOF_ACOHUW01,32,2,7,False,0.6087,False
B_same_metal,coordrep_full,MOF_ACOHUW02,32,2,7,False,0.6087,False
B_same_metal,coordrep_full,MOF_ACOHUW03,32,2,7,False,0.6087,False
B_same_metal,coordrep_full,MOF_ACOLAG,75,4,29,False,0.6179,True
B_same_metal,coordrep_full,MOF_ACOMEL,75,1,30,False,0.5892,False
B_same_metal,coordrep_full,MOF_ACORUJ,17,3,9,True,0.6357,True
B_same_metal,coordrep_full,MOF_ACOYEY,45,1,18,True,0.6312,True
B_same_metal,coordrep_full,MOF_ACPCRB,25,12,7,True,1.0,True
B_same_metal,coordrep_full,MOF_ACPCRB01,25,12,7,True,1.0,True
B_same_metal,coordrep_full,MOF_ACUCEG,45,1,18,True,0.6312,True
B_same_metal,coordrep_full,MOF_ACUCIK,45,1,18,True,0.6312,True
B_same_metal,coordrep_full,MOF_ACUDAD,25,7,5,True,1.0,True
B_same_metal,coordrep_full,MOF_ACUDEJ,148,43,44,True,0.6208,True
B_same_metal,coordrep_full,MOF_ACUFAH,25,12,5,True,1.0,True
B_same_metal,coordrep_full,MOF_ACUFOV,45,19,14,True,0.6208,True
B_same_metal,coordrep_full,MOF_ACUFUR,148,26,60,True,1.0,True
B_same_metal,coordrep_full,MOF_ACUFUR01,148,26,60,True,1.0,True
B_same_metal,coordrep_full,MOF_ACUHEO,18,3,14,True,0.5127,True
B_same_metal,coordrep_full,MOF_ACUQEX,33,3,12,True,0.86,True
B_same_metal,coordrep_full,MOF_ACUQUK,25,4,5,True,0.6625,True
B_same_metal,coordrep_full,MOF_ACUQUK01,25,4,5,True,0.6625,True
B_same_metal,coordrep_full,MOF_ACUQUO,32,9,8,True,0.85,True
B_same_metal,coordrep_full,MOF_ACURAR,25,8,5,True,0.9,True
B_same_metal,coordrep_full,MOF_ACUREV,25,6,5,True,1.0,True
B_same_metal,coordrep_full,MOF_ACUWIE,148,34,51,False,0.6179,True
B_same_metal,coordrep_full,MOF_ACUWON,11,1,7,False,0.6457,True
B_same_metal,coordrep_full,MOF_ACYLAG,25,2,5,True,1.0,True
B_same_metal,coordrep_full,MOF_ADAFAN,45,22,13,True,1.0,True
B_same_metal,coordrep_full,MOF_ADAFAN01,45,22,13,True,1.0,True
B_same_metal,coordrep_full,MOF_ADALID,10,1,9,True,0.485,True
B_same_metal,coordrep_full,MOF_ADAMIC,148,46,50,True,0.6417,True
B_same_metal,coordrep_full,MOF_ADAQEB,148,37,43,True,0.6208,True
B_same_metal,coordrep_full,MOF_ADAQEB01,148,37,43,True,0.6208,True
B_same_metal,coordrep_full,MOF_ADAWOS,25,6,5,True,1.0,True
B_same_metal,coordrep_full,MOF_ADAXIP,148,55,50,True,1.0,True
B_same_metal,coordrep_full,MOF_ADECAQ,45,19,15,True,0.8714,True
B_same_metal,coordrep_full,MOF_ADEFAS,148,51,56,True,1.0,True
B_same_metal,coordrep_full,MOF_ADEFEW,148,51,56,True,1.0,True
B_same_metal,coordrep_full,MOF_ADEFOG,148,51,56,True,1.0,True
B_same_metal,coordrep_full,MOF_ADEGEY,17,3,8,True,0.875,True
B_same_metal,coordrep_full,MOF_ADEGOG,45,20,12,True,0.6208,True
B_same_metal,coordrep_full,MOF_ADEJEA,23,9,10,True,0.6964,True
B_same_metal,donor_baseline,MOF_ABAMIC,10,3,3,False,0.5385,True
B_same_metal,donor_baseline,MOF_ABAVOP,35,1,15,False,0.5926,False
B_same_metal,donor_baseline,MOF_ABAVUV,64,14,9,True,0.5667,True
B_same_metal,donor_baseline,MOF_ABAXIN,45,19,15,True,0.9394,True
B_same_metal,donor_baseline,MOF_ABAXOT,45,19,13,False,0.6667,True
B_same_metal,donor_baseline,MOF_ABAXUZ,45,21,14,True,1.0,True
B_same_metal,donor_baseline,MOF_ABAYAE,23,9,10,True,0.5952,True
B_same_metal,donor_baseline,MOF_ABAYAG,45,21,14,True,1.0,True
B_same_metal,donor_baseline,MOF_ABAZAF,45,22,12,True,1.0,True
B_same_metal,donor_baseline,MOF_ABAZEJ,45,1,18,False,0.5417,True
B_same_metal,donor_baseline,MOF_ABEDET01,64,14,9,True,0.5667,True
B_same_metal,donor_baseline,MOF_ABEMUR,25,6,5,True,1.0,True
B_same_metal,donor_baseline,MOF_ABETEJ,148,30,60,True,1.0,True
B_same_metal,donor_baseline,MOF_ABEWEN,35,1,16,True,0.9487,True
B_same_metal,donor_baseline,MOF_ABIFEX,32,8,8,False,0.5667,True
B_same_metal,donor_baseline,MOF_ABIQAE,17,2,9,True,0.5556,True
B_same_metal,donor_baseline,MOF_ABIRAF,25,6,5,True,0.6667,True
B_same_metal,donor_baseline,MOF_ABIREJ,25,6,5,True,0.6667,True
B_same_metal,donor_baseline,MOF_ABIRIN,25,6,5,True,0.6667,True
B_same_metal,donor_baseline,MOF_ABIVEO,64,2,10,True,0.5185,True
B_same_metal,donor_baseline,MOF_ABIWEN,30,6,15,False,0.6667,True
B_same_metal,donor_baseline,MOF_ABIWOY,148,2,97,True,0.6296,True
B_same_metal,donor_baseline,MOF_ABIXIU,148,55,50,True,1.0,True
B_same_metal,donor_baseline,MOF_ABIYUJ,45,24,12,True,1.0,True
B_same_metal,donor_baseline,MOF_ABOBIC,62,9,25,False,0.5667,True
B_same_metal,donor_baseline,MOF_ABOBUQ,25,4,5,True,0.5833,True
B_same_metal,donor_baseline,MOF_ABOCUP,148,55,50,True,0.9444,True
B_same_metal,donor_baseline,MOF_ABOKAD,25,4,5,True,0.5833,True
B_same_metal,donor_baseline,MOF_ABOSET,148,37,50,False,0.6667,True
B_same_metal,donor_baseline,MOF_ABOSIX,148,16,93,True,1.0,True
B_same_metal,donor_baseline,MOF_ABOSOC,23,2,11,True,0.5439,True
B_same_metal,donor_baseline,MOF_ABOSUJ,148,1,87,False,0.9722,False
B_same_metal,donor_baseline,MOF_ABOTUG,35,1,15,False,0.5926,False
B_same_metal,donor_baseline,MOF_ABOTUG01,64,19,9,True,1.0,True
B_same_metal,donor_baseline,MOF_ABOTUG02,35,1,9,False,0.6296,False
B_same_metal,donor_baseline,MOF_ABOTUG03,64,1,45,False,0.9444,False
B_same_metal,donor_baseline,MOF_ABOWIA,148,47,55,True,1.0,True
B_same_metal,donor_baseline,MOF_ABUFOU,32,9,8,True,0.5667,True
B_same_metal,donor_baseline,MOF_ABUFUA,75,5,30,True,0.625,True
B_same_metal,donor_baseline,MOF_ABUHAJ,11,4,1,True,0.6267,True
B_same_metal,donor_baseline,MOF_ABULUG,17,5,7,True,1.0,True
B_same_metal,donor_baseline,MOF_ABUQEU,18,1,5,False,0.5667,True
B_same_metal,donor_baseline,MOF_ABZCUH,17,3,7,False,0.5833,True
B_same_metal,donor_baseline,MOF_ABZCUH01,17,3,7,False,0.5833,True
B_same_metal,donor_baseline,MOF_ABZCUH02,17,3,7,False,0.5833,True
B_same_metal,donor_baseline,MOF_ABZCUH03,17,3,7,False,0.5833,True
B_same_metal,donor_baseline,MOF_ACABEM,23,10,10,True,0.6,True
B_same_metal,donor_baseline,MOF_ACAGEQ,62,15,24,True,0.625,True
B_same_metal,donor_baseline,MOF_ACAGOB,17,2,8,False,0.5417,True
B_same_metal,donor_baseline,MOF_ACAJEU,148,47,55,True,0.6667,True
B_same_metal,donor_baseline,MOF_ACAJIY,11,1,9,False,0.5111,True
B_same_metal,donor_baseline,MOF_ACAJOG,23,9,10,True,0.9583,True
B_same_metal,donor_baseline,MOF_ACAKEX,148,49,51,True,0.9444,True
B_same_metal,donor_baseline,MOF_ACAKUO,17,1,15,True,0.5714,True
B_same_metal,donor_baseline,MOF_ACALID,17,4,7,True,0.9167,True
B_same_metal,donor_baseline,MOF_ACAQII,17,4,7,True,0.9167,True
B_same_metal,donor_baseline,MOF_ACASUT,30,2,18,True,0.6667,True
B_same_metal,donor_baseline,MOF_ACATIJ,25,8,5,True,1.0,True
B_same_metal,donor_baseline,MOF_ACAVOT,11,2,4,True,0.619,True
B_same_metal,donor_baseline,MOF_ACBACU,148,56,52,False,0.9333,False
B_same_metal,donor_baseline,MOF_ACEBOA,17,5,9,True,0.5278,True
B_same_metal,donor_baseline,MOF_ACEDUJ,148,26,60,True,1.0,True
B_same_metal,donor_baseline,MOF_ACEKEZ,32,1,19,False,0.6364,True
B_same_metal,donor_baseline,MOF_ACEKOK,17,5,7,True,1.0,True
B_same_metal,donor_baseline,MOF_ACELIF,62,15,18,True,1.0,True
B_same_metal,donor_baseline,MOF_ACEMAA,23,2,9,True,0.5417,True
B_same_metal,donor_baseline,MOF_ACEMEE,23,2,9,True,0.5833,True
B_same_metal,donor_baseline,MOF_ACEMII,148,26,60,True,0.6389,True
B_same_metal,donor_baseline,MOF_ACEPAD,62,6,42,True,1.0,True
B_same_metal,donor_baseline,MOF_ACEPIH,148,26,60,True,1.0,True
B_same_metal,donor_baseline,MOF_ACESAG,17,5,7,True,1.0,True
B_same_metal,donor_baseline,MOF_ACETIP,25,7,5,True,1.0,True
B_same_metal,donor_baseline,MOF_ACETOV,25,7,5,True,1.0,True
B_same_metal,donor_baseline,MOF_ACEVIR,25,7,5,True,1.0,True
B_same_metal,donor_baseline,MOF_ACEVOX,25,8,5,True,1.0,True
B_same_metal,donor_baseline,MOF_ACEWAJ,45,2,20,False,0.8611,False
B_same_metal,donor_baseline,MOF_ACEWEN,45,1,20,False,0.8611,False
B_same_metal,donor_baseline,MOF_ACEWIR,45,2,20,False,0.8611,False
B_same_metal,donor_baseline,MOF_ACICOF,45,20,12,True,0.625,True
B_same_metal,donor_baseline,MOF_ACIDAT,148,25,50,False,0.6667,True
B_same_metal,donor_baseline,MOF_ACIJAX,148,49,49,True,1.0,True
B_same_metal,donor_baseline,MOF_ACIJEB,62,15,24,True,0.625,True
B_same_metal,donor_baseline,MOF_ACIQIN,32,16,7,False,0.9722,True
B_same_metal,donor_baseline,MOF_ACIRIP,17,4,9,True,0.6,True
B_same_metal,donor_baseline,MOF_ACIROV,25,8,5,True,0.6111,True
B_same_metal,donor_baseline,MOF_ACISAK,17,3,8,True,1.0,True
B_same_metal,donor_baseline,MOF_ACISEM,148,28,53,True,1.0,True
B_same_metal,donor_baseline,MOF_ACISIQ,148,7,60,True,0.5417,True
B_same_metal,donor_baseline,MOF_ACISOW,45,9,14,False,0.9167,True
B_same_metal,donor_baseline,MOF_ACITAK,148,3,59,True,0.8333,True
B_same_metal,donor_baseline,MOF_ACITOV,30,6,11,True,1.0,True
B_same_metal,donor_baseline,MOF_ACIYER,37,6,17,True,0.8889,True
B_same_metal,donor_baseline,MOF_ACIYER01,37,6,17,True,0.8889,True
B_same_metal,donor_baseline,MOF_ACIYER02,37,6,17,True,0.8889,True
B_same_metal,donor_baseline,MOF_ACIYER07,37,6,17,True,0.8889,True
B_same_metal,donor_baseline,MOF_ACIYIV,37,6,17,True,0.8889,True
B_same_metal,donor_baseline,MOF_ACMCRU,25,7,6,False,0.6667,True
B_same_metal,donor_baseline,MOF_ACMCRU01,25,7,6,False,0.6667,True
B_same_metal,donor_baseline,MOF_ACMONA,22,4,9,True,1.0,True
B_same_metal,donor_baseline,MOF_ACNBPC,62,12,26,True,0.6,True
B_same_metal,donor_baseline,MOF_ACOHUW,32,2,7,True,0.5667,True
B_same_metal,donor_baseline,MOF_ACOHUW01,32,2,7,False,0.5667,True
B_same_metal,donor_baseline,MOF_ACOHUW02,32,2,7,False,0.5667,True
B_same_metal,donor_baseline,MOF_ACOHUW03,32,2,7,False,0.5667,True
B_same_metal,donor_baseline,MOF_ACOLAG,75,4,29,False,0.6,True
B_same_metal,donor_baseline,MOF_ACOMEL,75,1,30,True,0.4545,True
B_same_metal,donor_baseline,MOF_ACORUJ,17,3,9,True,0.5476,True
B_same_metal,donor_baseline,MOF_ACOYEY,45,1,18,False,0.5417,True
B_same_metal,donor_baseline,MOF_ACPCRB,25,12,7,True,1.0,True
B_same_metal,donor_baseline,MOF_ACPCRB01,25,12,7,True,1.0,True
B_same_metal,donor_baseline,MOF_ACUCEG,45,1,18,False,0.5417,True
B_same_metal,donor_baseline,MOF_ACUCIK,45,1,18,False,0.5417,True
B_same_metal,donor_baseline,MOF_ACUDAD,25,7,5,True,1.0,True
B_same_metal,donor_baseline,MOF_ACUDEJ,148,43,44,False,0.625,False
B_same_metal,donor_baseline,MOF_ACUFAH,25,12,5,True,1.0,True
B_same_metal,donor_baseline,MOF_ACUFOV,45,19,14,False,0.625,True
B_same_metal,donor_baseline,MOF_ACUFUR,148,26,60,True,1.0,True
B_same_metal,donor_baseline,MOF_ACUFUR01,148,26,60,True,1.0,True
B_same_metal,donor_baseline,MOF_ACUHEO,18,3,14,True,0.6667,True
B_same_metal,donor_baseline,MOF_ACUQEX,33,3,12,True,0.8667,True
B_same_metal,donor_baseline,MOF_ACUQUK,25,4,5,True,0.5833,True
B_same_metal,donor_baseline,MOF_ACUQUK01,25,4,5,True,0.5833,True
B_same_metal,donor_baseline,MOF_ACUQUO,32,9,8,False,0.8571,True
B_same_metal,donor_baseline,MOF_ACURAR,25,8,5,True,1.0,True
B_same_metal,donor_baseline,MOF_ACUREV,25,6,5,True,1.0,True
B_same_metal,donor_baseline,MOF_ACUWIE,148,34,51,False,0.5333,True
B_same_metal,donor_baseline,MOF_ACUWON,11,1,7,False,0.9286,True
B_same_metal,donor_baseline,MOF_ACYLAG,25,2,5,True,1.0,True
B_same_metal,donor_baseline,MOF_ADAFAN,45,22,13,True,1.0,True
B_same_metal,donor_baseline,MOF_ADAFAN01,45,22,13,True,1.0,True
B_same_metal,donor_baseline,MOF_ADALID,10,1,9,False,0.7917,True
B_same_metal,donor_baseline,MOF_ADAMIC,148,46,50,False,0.6667,True
B_same_metal,donor_baseline,MOF_ADAQEB,148,37,43,False,0.625,True
B_same_metal,donor_baseline,MOF_ADAQEB01,148,37,43,False,0.625,True
B_same_metal,donor_baseline,MOF_ADAWOS,25,6,5,True,1.0,True
B_same_metal,donor_baseline,MOF_ADAXIP,148,55,50,True,1.0,True
B_same_metal,donor_baseline,MOF_ADECAQ,45,19,15,True,0.9048,True
B_same_metal,donor_baseline,MOF_ADEFAS,148,51,56,True,1.0,True
B_same_metal,donor_baseline,MOF_ADEFEW,148,51,56,True,1.0,True
B_same_metal,donor_baseline,MOF_ADEFOG,148,51,56,True,1.0,True
B_same_metal,donor_baseline,MOF_ADEGEY,17,3,8,True,0.9167,True
B_same_metal,donor_baseline,MOF_ADEGOG,45,20,12,True,0.625,True
B_same_metal,donor_baseline,MOF_ADEJEA,23,9,10,False,0.5952,True
B_same_metal,cshm_only,MOF_ABAMIC,10,3,3,True,1.0,True
B_same_metal,cshm_only,MOF_ABAVOP,35,1,15,False,0.75,False
B_same_metal,cshm_only,MOF_ABAVUV,64,14,9,True,0.5,True
B_same_metal,cshm_only,MOF_ABAXIN,45,19,15,True,1.0,True
B_same_metal,cshm_only,MOF_ABAXOT,45,19,13,False,0.5,True
B_same_metal,cshm_only,MOF_ABAXUZ,45,21,14,True,1.0,True
B_same_metal,cshm_only,MOF_ABAYAE,23,9,10,True,0.6667,True
B_same_metal,cshm_only,MOF_ABAYAG,45,21,14,True,1.0,True
B_same_metal,cshm_only,MOF_ABAZAF,45,22,12,True,1.0,True
B_same_metal,cshm_only,MOF_ABAZEJ,45,1,18,False,0.5,False
B_same_metal,cshm_only,MOF_ABEDET01,64,14,9,False,0.5,True
B_same_metal,cshm_only,MOF_ABEMUR,25,6,5,True,1.0,True
B_same_metal,cshm_only,MOF_ABETEJ,148,30,60,False,1.0,True
B_same_metal,cshm_only,MOF_ABEWEN,35,1,16,False,1.0,True
B_same_metal,cshm_only,MOF_ABIFEX,32,8,8,True,0.5,True
B_same_metal,cshm_only,MOF_ABIQAE,17,2,9,False,1.0,False
B_same_metal,cshm_only,MOF_ABIRAF,25,6,5,False,0.5,True
B_same_metal,cshm_only,MOF_ABIREJ,25,6,5,False,0.5,True
B_same_metal,cshm_only,MOF_ABIRIN,25,6,5,False,0.5,False
B_same_metal,cshm_only,MOF_ABIVEO,64,2,10,False,0.5,False
B_same_metal,cshm_only,MOF_ABIWEN,30,6,15,False,0.5,True
B_same_metal,cshm_only,MOF_ABIWOY,148,2,97,False,1.0,False
B_same_metal,cshm_only,MOF_ABIXIU,148,55,50,True,1.0,True
B_same_metal,cshm_only,MOF_ABIYUJ,45,24,12,False,1.0,True
B_same_metal,cshm_only,MOF_ABOBIC,62,9,25,False,0.5,False
B_same_metal,cshm_only,MOF_ABOBUQ,25,4,5,True,0.5,True
B_same_metal,cshm_only,MOF_ABOCUP,148,55,50,False,1.0,True
B_same_metal,cshm_only,MOF_ABOKAD,25,4,5,False,0.5,True
B_same_metal,cshm_only,MOF_ABOSET,148,37,50,True,0.5,True
B_same_metal,cshm_only,MOF_ABOSIX,148,16,93,False,1.0,True
B_same_metal,cshm_only,MOF_ABOSOC,23,2,11,False,1.0,True
B_same_metal,cshm_only,MOF_ABOSUJ,148,1,87,False,1.0,False
B_same_metal,cshm_only,MOF_ABOTUG,35,1,15,False,0.75,False
B_same_metal,cshm_only,MOF_ABOTUG01,64,19,9,True,1.0,True
B_same_metal,cshm_only,MOF_ABOTUG02,35,1,9,False,0.5,False
B_same_metal,cshm_only,MOF_ABOTUG03,64,1,45,False,1.0,True
B_same_metal,cshm_only,MOF_ABOWIA,148,47,55,False,1.0,True
B_same_metal,cshm_only,MOF_ABUFOU,32,9,8,True,0.5,True
B_same_metal,cshm_only,MOF_ABUFUA,75,5,30,False,0.5,False
B_same_metal,cshm_only,MOF_ABUHAJ,11,4,1,False,0.75,True
B_same_metal,cshm_only,MOF_ABULUG,17,5,7,False,1.0,True
B_same_metal,cshm_only,MOF_ABUQEU,18,1,5,False,0.5,True
B_same_metal,cshm_only,MOF_ABZCUH,17,3,7,False,0.5,False
B_same_metal,cshm_only,MOF_ABZCUH01,17,3,7,False,0.5,False
B_same_metal,cshm_only,MOF_ABZCUH02,17,3,7,False,0.5,False
B_same_metal,cshm_only,MOF_ABZCUH03,17,3,7,False,0.5,False
B_same_metal,cshm_only,MOF_ACABEM,23,10,10,True,0.6667,True
B_same_metal,cshm_only,MOF_ACAGEQ,62,15,24,False,0.5,True
B_same_metal,cshm_only,MOF_ACAGOB,17,2,8,False,1.0,False
B_same_metal,cshm_only,MOF_ACAJEU,148,47,55,False,0.5,True
B_same_metal,cshm_only,MOF_ACAJIY,11,1,9,False,0.6667,False
B_same_metal,cshm_only,MOF_ACAJOG,23,9,10,True,1.0,True
B_same_metal,cshm_only,MOF_ACAKEX,148,49,51,True,1.0,True
B_same_metal,cshm_only,MOF_ACAKUO,17,1,15,True,1.0,True
B_same_metal,cshm_only,MOF_ACALID,17,4,7,False,1.0,True
B_same_metal,cshm_only,MOF_ACAQII,17,4,7,False,1.0,True
B_same_metal,cshm_only,MOF_ACASUT,30,2,18,False,0.75,False
B_same_metal,cshm_only,MOF_ACATIJ,25,8,5,True,1.0,True
B_same_metal,cshm_only,MOF_ACAVOT,11,2,4,False,0.3333,False
B_same_metal,cshm_only,MOF_ACBACU,148,56,52,True,1.0,True
B_same_metal,cshm_only,MOF_ACEBOA,17,5,9,False,1.0,True
B_same_metal,cshm_only,MOF_ACEDUJ,148,26,60,True,1.0,True
B_same_metal,cshm_only,MOF_ACEKEZ,32,1,19,False,0.0,True
B_same_metal,cshm_only,MOF_ACEKOK,17,5,7,True,1.0,True
B_same_metal,cshm_only,MOF_ACELIF,62,15,18,True,1.0,True
B_same_metal,cshm_only,MOF_ACEMAA,23,2,9,True,1.0,True
B_same_metal,cshm_only,MOF_ACEMEE,23,2,9,True,1.0,True
B_same_metal,cshm_only,MOF_ACEMII,148,26,60,False,0.5,True
B_same_metal,cshm_only,MOF_ACEPAD,62,6,42,False,1.0,True
B_same_metal,cshm_only,MOF_ACEPIH,148,26,60,False,1.0,True
B_same_metal,cshm_only,MOF_ACESAG,17,5,7,False,1.0,True
B_same_metal,cshm_only,MOF_ACETIP,25,7,5,False,1.0,True
B_same_metal,cshm_only,MOF_ACETOV,25,7,5,False,1.0,True
B_same_metal,cshm_only,MOF_ACEVIR,25,7,5,True,1.0,True
B_same_metal,cshm_only,MOF_ACEVOX,25,8,5,True,1.0,True
B_same_metal,cshm_only,MOF_ACEWAJ,45,2,20,False,1.0,False
B_same_metal,cshm_only,MOF_ACEWEN,45,1,20,False,1.0,False
B_same_metal,cshm_only,MOF_ACEWIR,45,2,20,False,1.0,False
B_same_metal,cshm_only,MOF_ACICOF,45,20,12,True,0.5,True
B_same_metal,cshm_only,MOF_ACIDAT,148,25,50,False,0.5,False
B_same_metal,cshm_only,MOF_ACIJAX,148,49,49,True,1.0,True
B_same_metal,cshm_only,MOF_ACIJEB,62,15,24,False,0.5,True
B_same_metal,cshm_only,MOF_ACIQIN,32,16,7,True,1.0,True
B_same_metal,cshm_only,MOF_ACIRIP,17,4,9,False,0.0,True
B_same_metal,cshm_only,MOF_ACIROV,25,8,5,False,0.5,True
B_same_metal,cshm_only,MOF_ACISAK,17,3,8,True,1.0,True
B_same_metal,cshm_only,MOF_ACISEM,148,28,53,False,1.0,False
B_same_metal,cshm_only,MOF_ACISIQ,148,7,60,False,0.5,False
B_same_metal,cshm_only,MOF_ACISOW,45,9,14,True,1.0,True
B_same_metal,cshm_only,MOF_ACITAK,148,3,59,False,1.0,True
B_same_metal,cshm_only,MOF_ACITOV,30,6,11,False,1.0,True
B_same_metal,cshm_only,MOF_ACIYER,37,6,17,True,1.0,True
B_same_metal,cshm_only,MOF_ACIYER01,37,6,17,True,1.0,True
B_same_metal,cshm_only,MOF_ACIYER02,37,6,17,False,1.0,True
B_same_metal,cshm_only,MOF_ACIYER07,37,6,17,False,1.0,True
B_same_metal,cshm_only,MOF_ACIYIV,37,6,17,True,1.0,True
B_same_metal,cshm_only,MOF_ACMCRU,25,7,6,False,1.0,True
B_same_metal,cshm_only,MOF_ACMCRU01,25,7,6,False,1.0,True
B_same_metal,cshm_only,MOF_ACMONA,22,4,9,True,1.0,True
B_same_metal,cshm_only,MOF_ACNBPC,62,12,26,True,1.0,True
B_same_metal,cshm_only,MOF_ACOHUW,32,2,7,False,0.5,False
B_same_metal,cshm_only,MOF_ACOHUW01,32,2,7,False,0.5,False
B_same_metal,cshm_only,MOF_ACOHUW02,32,2,7,False,0.5,False
B_same_metal,cshm_only,MOF_ACOHUW03,32,2,7,False,0.5,False
B_same_metal,cshm_only,MOF_ACOLAG,75,4,29,False,0.5,False
B_same_metal,cshm_only,MOF_ACOMEL,75,1,30,False,0.5,False
B_same_metal,cshm_only,MOF_ACORUJ,17,3,9,True,0.5,True
B_same_metal,cshm_only,MOF_ACOYEY,45,1,18,False,0.5,False
B_same_metal,cshm_only,MOF_ACPCRB,25,12,7,True,1.0,True
B_same_metal,cshm_only,MOF_ACPCRB01,25,12,7,True,1.0,True
B_same_metal,cshm_only,MOF_ACUCEG,45,1,18,False,0.5,False
B_same_metal,cshm_only,MOF_ACUCIK,45,1,18,False,0.5,False
B_same_metal,cshm_only,MOF_ACUDAD,25,7,5,True,1.0,True
B_same_metal,cshm_only,MOF_ACUDEJ,148,43,44,False,0.5,False
B_same_metal,cshm_only,MOF_ACUFAH,25,12,5,True,1.0,True
B_same_metal,cshm_only,MOF_ACUFOV,45,19,14,True,0.5,True
B_same_metal,cshm_only,MOF_ACUFUR,148,26,60,True,1.0,True
B_same_metal,cshm_only,MOF_ACUFUR01,148,26,60,False,1.0,True
B_same_metal,cshm_only,MOF_ACUHEO,18,3,14,True,0.6667,True
B_same_metal,cshm_only,MOF_ACUQEX,33,3,12,False,1.0,False
B_same_metal,cshm_only,MOF_ACUQUK,25,4,5,True,0.5,True
B_same_metal,cshm_only,MOF_ACUQUK01,25,4,5,False,0.5,True
B_same_metal,cshm_only,MOF_ACUQUO,32,9,8,False,1.0,True
B_same_metal,cshm_only,MOF_ACURAR,25,8,5,True,1.0,True
B_same_metal,cshm_only,MOF_ACUREV,25,6,5,False,1.0,True
B_same_metal,cshm_only,MOF_ACUWIE,148,34,51,False,0.5,False
B_same_metal,cshm_only,MOF_ACUWON,11,1,7,False,1.0,True
B_same_metal,cshm_only,MOF_ACYLAG,25,2,5,True,1.0,True
B_same_metal,cshm_only,MOF_ADAFAN,45,22,13,True,1.0,True
B_same_metal,cshm_only,MOF_ADAFAN01,45,22,13,True,1.0,True
B_same_metal,cshm_only,MOF_ADALID,10,1,9,False,1.0,True
B_same_metal,cshm_only,MOF_ADAMIC,148,46,50,True,0.5,True
B_same_metal,cshm_only,MOF_ADAQEB,148,37,43,False,0.5,True
B_same_metal,cshm_only,MOF_ADAQEB01,148,37,43,False,0.5,False
B_same_metal,cshm_only,MOF_ADAWOS,25,6,5,False,1.0,True
B_same_metal,cshm_only,MOF_ADAXIP,148,55,50,False,1.0,True
B_same_metal,cshm_only,MOF_ADECAQ,45,19,15,True,1.0,True
B_same_metal,cshm_only,MOF_ADEFAS,148,51,56,True,1.0,True
B_same_metal,cshm_only,MOF_ADEFEW,148,51,56,True,1.0,True
B_same_metal,cshm_only,MOF_ADEFOG,148,51,56,False,1.0,True
B_same_metal,cshm_only,MOF_ADEGEY,17,3,8,True,1.0,True
B_same_metal,cshm_only,MOF_ADEGOG,45,20,12,False,0.5,True
B_same_metal,cshm_only,MOF_ADEJEA,23,9,10,False,0.6667,True
B_same_metal,L3_only,MOF_ABAMIC,10,3,3,False,0.0,True
B_same_metal,L3_only,MOF_ABAVOP,35,1,15,False,0.0,False
B_same_metal,L3_only,MOF_ABAVUV,64,14,9,False,0.0,True
B_same_metal,L3_only,MOF_ABAXIN,45,19,15,False,0.0,True
B_same_metal,L3_only,MOF_ABAXOT,45,19,13,False,0.0,True
B_same_metal,L3_only,MOF_ABAXUZ,45,21,14,True,1.0,True
B_same_metal,L3_only,MOF_ABAYAE,23,9,10,True,0.0,True
B_same_metal,L3_only,MOF_ABAYAG,45,21,14,True,1.0,True
B_same_metal,L3_only,MOF_ABAZAF,45,22,12,True,1.0,True
B_same_metal,L3_only,MOF_ABAZEJ,45,1,18,False,0.0,False
B_same_metal,L3_only,MOF_ABEDET01,64,14,9,False,0.0,True
B_same_metal,L3_only,MOF_ABEMUR,25,6,5,True,1.0,True
B_same_metal,L3_only,MOF_ABETEJ,148,30,60,True,1.0,True
B_same_metal,L3_only,MOF_ABEWEN,35,1,16,False,0.0,False
B_same_metal,L3_only,MOF_ABIFEX,32,8,8,True,0.0,True
B_same_metal,L3_only,MOF_ABIQAE,17,2,9,False,0.0,False
B_same_metal,L3_only,MOF_ABIRAF,25,6,5,False,0.0,True
B_same_metal,L3_only,MOF_ABIREJ,25,6,5,True,0.0,True
B_same_metal,L3_only,MOF_ABIRIN,25,6,5,False,0.0,False
B_same_metal,L3_only,MOF_ABIVEO,64,2,10,False,0.0,False
B_same_metal,L3_only,MOF_ABIWEN,30,6,15,False,0.0,True
B_same_metal,L3_only,MOF_ABIWOY,148,2,97,False,0.0,False
B_same_metal,L3_only,MOF_ABIXIU,148,55,50,True,1.0,True
B_same_metal,L3_only,MOF_ABIYUJ,45,24,12,True,1.0,True
B_same_metal,L3_only,MOF_ABOBIC,62,9,25,False,0.0,False
B_same_metal,L3_only,MOF_ABOBUQ,25,4,5,False,0.0,True
B_same_metal,L3_only,MOF_ABOCUP,148,55,50,False,0.0,True
B_same_metal,L3_only,MOF_ABOKAD,25,4,5,False,0.0,True
B_same_metal,L3_only,MOF_ABOSET,148,37,50,False,0.0,True
B_same_metal,L3_only,MOF_ABOSIX,148,16,93,False,0.0,True
B_same_metal,L3_only,MOF_ABOSOC,23,2,11,False,0.0,True
B_same_metal,L3_only,MOF_ABOSUJ,148,1,87,False,0.0,False
B_same_metal,L3_only,MOF_ABOTUG,35,1,15,False,0.0,False
B_same_metal,L3_only,MOF_ABOTUG01,64,19,9,True,1.0,True
B_same_metal,L3_only,MOF_ABOTUG02,35,1,9,False,0.0,False
B_same_metal,L3_only,MOF_ABOTUG03,64,1,45,False,0.0,False
B_same_metal,L3_only,MOF_ABOWIA,148,47,55,True,1.0,True
B_same_metal,L3_only,MOF_ABUFOU,32,9,8,True,0.0,True
B_same_metal,L3_only,MOF_ABUFUA,75,5,30,False,0.0,False
B_same_metal,L3_only,MOF_ABUHAJ,11,4,1,False,0.0,True
B_same_metal,L3_only,MOF_ABULUG,17,5,7,True,1.0,True
B_same_metal,L3_only,MOF_ABUQEU,18,1,5,False,0.0,False
B_same_metal,L3_only,MOF_ABZCUH,17,3,7,False,0.0,True
B_same_metal,L3_only,MOF_ABZCUH01,17,3,7,False,0.0,False
B_same_metal,L3_only,MOF_ABZCUH02,17,3,7,False,0.0,False
B_same_metal,L3_only,MOF_ABZCUH03,17,3,7,False,0.0,True
B_same_metal,L3_only,MOF_ACABEM,23,10,10,False,0.0,True
B_same_metal,L3_only,MOF_ACAGEQ,62,15,24,False,0.0,False
B_same_metal,L3_only,MOF_ACAGOB,17,2,8,False,0.0,False
B_same_metal,L3_only,MOF_ACAJEU,148,47,55,True,0.0,True
B_same_metal,L3_only,MOF_ACAJIY,11,1,9,False,0.0,False
B_same_metal,L3_only,MOF_ACAJOG,23,9,10,False,0.0,True
B_same_metal,L3_only,MOF_ACAKEX,148,49,51,False,0.0,True
B_same_metal,L3_only,MOF_ACAKUO,17,1,15,False,0.0,False
B_same_metal,L3_only,MOF_ACALID,17,4,7,True,0.0,True
B_same_metal,L3_only,MOF_ACAQII,17,4,7,True,0.0,True
B_same_metal,L3_only,MOF_ACASUT,30,2,18,False,0.0,True
B_same_metal,L3_only,MOF_ACATIJ,25,8,5,False,0.0,True
B_same_metal,L3_only,MOF_ACAVOT,11,2,4,False,0.0,False
B_same_metal,L3_only,MOF_ACBACU,148,56,52,False,0.0,True
B_same_metal,L3_only,MOF_ACEBOA,17,5,9,True,0.0,True
B_same_metal,L3_only,MOF_ACEDUJ,148,26,60,True,1.0,True
B_same_metal,L3_only,MOF_ACEKEZ,32,1,19,False,0.0,True
B_same_metal,L3_only,MOF_ACEKOK,17,5,7,True,1.0,True
B_same_metal,L3_only,MOF_ACELIF,62,15,18,True,1.0,True
B_same_metal,L3_only,MOF_ACEMAA,23,2,9,False,0.0,False
B_same_metal,L3_only,MOF_ACEMEE,23,2,9,False,0.0,False
B_same_metal,L3_only,MOF_ACEMII,148,26,60,False,0.0,False
B_same_metal,L3_only,MOF_ACEPAD,62,6,42,False,0.0,True
B_same_metal,L3_only,MOF_ACEPIH,148,26,60,True,1.0,True
B_same_metal,L3_only,MOF_ACESAG,17,5,7,True,1.0,True
B_same_metal,L3_only,MOF_ACETIP,25,7,5,True,1.0,True
B_same_metal,L3_only,MOF_ACETOV,25,7,5,True,1.0,True
B_same_metal,L3_only,MOF_ACEVIR,25,7,5,True,1.0,True
B_same_metal,L3_only,MOF_ACEVOX,25,8,5,True,0.0,True
B_same_metal,L3_only,MOF_ACEWAJ,45,2,20,False,0.0,False
B_same_metal,L3_only,MOF_ACEWEN,45,1,20,False,0.0,False
B_same_metal,L3_only,MOF_ACEWIR,45,2,20,False,0.0,False
B_same_metal,L3_only,MOF_ACICOF,45,20,12,False,0.0,True
B_same_metal,L3_only,MOF_ACIDAT,148,25,50,False,0.0,False
B_same_metal,L3_only,MOF_ACIJAX,148,49,49,True,1.0,True
B_same_metal,L3_only,MOF_ACIJEB,62,15,24,False,0.0,True
B_same_metal,L3_only,MOF_ACIQIN,32,16,7,True,0.0,True
B_same_metal,L3_only,MOF_ACIRIP,17,4,9,False,0.0,True
B_same_metal,L3_only,MOF_ACIROV,25,8,5,True,0.0,True
B_same_metal,L3_only,MOF_ACISAK,17,3,8,True,1.0,True
B_same_metal,L3_only,MOF_ACISEM,148,28,53,True,1.0,True
B_same_metal,L3_only,MOF_ACISIQ,148,7,60,False,0.0,False
B_same_metal,L3_only,MOF_ACISOW,45,9,14,False,0.0,True
B_same_metal,L3_only,MOF_ACITAK,148,3,59,False,0.0,False
B_same_metal,L3_only,MOF_ACITOV,30,6,11,True,1.0,True
B_same_metal,L3_only,MOF_ACIYER,37,6,17,False,0.0,True
B_same_metal,L3_only,MOF_ACIYER01,37,6,17,False,0.0,True
B_same_metal,L3_only,MOF_ACIYER02,37,6,17,False,0.0,True
B_same_metal,L3_only,MOF_ACIYER07,37,6,17,False,0.0,True
B_same_metal,L3_only,MOF_ACIYIV,37,6,17,False,0.0,True
B_same_metal,L3_only,MOF_ACMCRU,25,7,6,False,0.0,True
B_same_metal,L3_only,MOF_ACMCRU01,25,7,6,False,0.0,True
B_same_metal,L3_only,MOF_ACMONA,22,4,9,True,1.0,True
B_same_metal,L3_only,MOF_ACNBPC,62,12,26,False,0.0,False
B_same_metal,L3_only,MOF_ACOHUW,32,2,7,False,0.0,False
B_same_metal,L3_only,MOF_ACOHUW01,32,2,7,False,0.0,False
B_same_metal,L3_only,MOF_ACOHUW02,32,2,7,False,0.0,False
B_same_metal,L3_only,MOF_ACOHUW03,32,2,7,False,0.0,False
B_same_metal,L3_only,MOF_ACOLAG,75,4,29,False,0.0,False
B_same_metal,L3_only,MOF_ACOMEL,75,1,30,False,0.0,False
B_same_metal,L3_only,MOF_ACORUJ,17,3,9,False,0.0,True
B_same_metal,L3_only,MOF_ACOYEY,45,1,18,False,0.0,False
B_same_metal,L3_only,MOF_ACPCRB,25,12,7,True,1.0,True
B_same_metal,L3_only,MOF_ACPCRB01,25,12,7,True,1.0,True
B_same_metal,L3_only,MOF_ACUCEG,45,1,18,False,0.0,False
B_same_metal,L3_only,MOF_ACUCIK,45,1,18,False,0.0,False
B_same_metal,L3_only,MOF_ACUDAD,25,7,5,True,1.0,True
B_same_metal,L3_only,MOF_ACUDEJ,148,43,44,False,0.0,False
B_same_metal,L3_only,MOF_ACUFAH,25,12,5,True,1.0,True
B_same_metal,L3_only,MOF_ACUFOV,45,19,14,True,0.0,True
B_same_metal,L3_only,MOF_ACUFUR,148,26,60,True,1.0,True
B_same_metal,L3_only,MOF_ACUFUR01,148,26,60,True,1.0,True
B_same_metal,L3_only,MOF_ACUHEO,18,3,14,True,0.0,True
B_same_metal,L3_only,MOF_ACUQEX,33,3,12,False,0.0,False
B_same_metal,L3_only,MOF_ACUQUK,25,4,5,False,0.0,True
B_same_metal,L3_only,MOF_ACUQUK01,25,4,5,False,0.0,False
B_same_metal,L3_only,MOF_ACUQUO,32,9,8,False,0.0,True
B_same_metal,L3_only,MOF_ACURAR,25,8,5,False,0.0,True
B_same_metal,L3_only,MOF_ACUREV,25,6,5,True,1.0,True
B_same_metal,L3_only,MOF_ACUWIE,148,34,51,False,0.0,True
B_same_metal,L3_only,MOF_ACUWON,11,1,7,False,0.0,True
B_same_metal,L3_only,MOF_ACYLAG,25,2,5,True,1.0,True
B_same_metal,L3_only,MOF_ADAFAN,45,22,13,True,1.0,True
B_same_metal,L3_only,MOF_ADAFAN01,45,22,13,True,1.0,True
B_same_metal,L3_only,MOF_ADALID,10,1,9,False,0.0,True
B_same_metal,L3_only,MOF_ADAMIC,148,46,50,False,0.0,True
B_same_metal,L3_only,MOF_ADAQEB,148,37,43,False,0.0,True
B_same_metal,L3_only,MOF_ADAQEB01,148,37,43,False,0.0,False
B_same_metal,L3_only,MOF_ADAWOS,25,6,5,True,1.0,True
B_same_metal,L3_only,MOF_ADAXIP,148,55,50,True,1.0,True
B_same_metal,L3_only,MOF_ADECAQ,45,19,15,True,0.0,True
B_same_metal,L3_only,MOF_ADEFAS,148,51,56,True,1.0,True
B_same_metal,L3_only,MOF_ADEFEW,148,51,56,True,1.0,True
B_same_metal,L3_only,MOF_ADEFOG,148,51,56,True,1.0,True
B_same_metal,L3_only,MOF_ADEGEY,17,3,8,False,0.0,True
B_same_metal,L3_only,MOF_ADEGOG,45,20,12,False,0.0,True
B_same_metal,L3_only,MOF_ADEJEA,23,9,10,False,0.0,True
B_same_metal,random_same_donor,MOF_ABAMIC,10,3,3,False,0.8873,True
B_same_metal,random_same_donor,MOF_ABAVOP,35,1,15,False,0.9792,False
B_same_metal,random_same_donor,MOF_ABAVUV,64,14,9,False,0.9946,True
B_same_metal,random_same_donor,MOF_ABAXIN,45,19,15,False,0.9553,True
B_same_metal,random_same_donor,MOF_ABAXOT,45,19,13,False,0.9793,True
B_same_metal,random_same_donor,MOF_ABAXUZ,45,21,14,True,0.9983,True
B_same_metal,random_same_donor,MOF_ABAYAE,23,9,10,False,0.9761,True
B_same_metal,random_same_donor,MOF_ABAYAG,45,21,14,True,0.9972,True
B_same_metal,random_same_donor,MOF_ABAZAF,45,22,12,False,0.9696,True
B_same_metal,random_same_donor,MOF_ABAZEJ,45,1,18,False,0.9974,False
B_same_metal,random_same_donor,MOF_ABEDET01,64,14,9,False,0.9927,True
B_same_metal,random_same_donor,MOF_ABEMUR,25,6,5,False,0.9783,True
B_same_metal,random_same_donor,MOF_ABETEJ,148,30,60,False,0.9982,False
B_same_metal,random_same_donor,MOF_ABEWEN,35,1,16,False,0.9158,False
B_same_metal,random_same_donor,MOF_ABIFEX,32,8,8,True,0.9836,True
B_same_metal,random_same_donor,MOF_ABIQAE,17,2,9,False,0.9152,False
B_same_metal,random_same_donor,MOF_ABIRAF,25,6,5,False,0.9926,True
B_same_metal,random_same_donor,MOF_ABIREJ,25,6,5,False,0.9257,False
B_same_metal,random_same_donor,MOF_ABIRIN,25,6,5,False,0.9243,True
B_same_metal,random_same_donor,MOF_ABIVEO,64,2,10,False,0.9866,False
B_same_metal,random_same_donor,MOF_ABIWEN,30,6,15,False,0.9954,True
B_same_metal,random_same_donor,MOF_ABIWOY,148,2,97,False,0.9998,False
B_same_metal,random_same_donor,MOF_ABIXIU,148,55,50,False,0.998,True
B_same_metal,random_same_donor,MOF_ABIYUJ,45,24,12,False,0.985,True
B_same_metal,random_same_donor,MOF_ABOBIC,62,9,25,False,0.9996,False
B_same_metal,random_same_donor,MOF_ABOBUQ,25,4,5,False,0.9874,False
B_same_metal,random_same_donor,MOF_ABOCUP,148,55,50,False,0.996,True
B_same_metal,random_same_donor,MOF_ABOKAD,25,4,5,False,0.9895,True
B_same_metal,random_same_donor,MOF_ABOSET,148,37,50,False,0.9966,False
B_same_metal,random_same_donor,MOF_ABOSIX,148,16,93,False,0.9992,False
B_same_metal,random_same_donor,MOF_ABOSOC,23,2,11,False,0.9344,False
B_same_metal,random_same_donor,MOF_ABOSUJ,148,1,87,False,0.9956,True
B_same_metal,random_same_donor,MOF_ABOTUG,35,1,15,False,0.9779,False
B_same_metal,random_same_donor,MOF_ABOTUG01,64,19,9,True,0.9911,True
B_same_metal,random_same_donor,MOF_ABOTUG02,35,1,9,False,0.9712,False
B_same_metal,random_same_donor,MOF_ABOTUG03,64,1,45,False,0.9946,False
B_same_metal,random_same_donor,MOF_ABOWIA,148,47,55,False,0.9873,True
B_same_metal,random_same_donor,MOF_ABUFOU,32,9,8,True,0.9367,True
B_same_metal,random_same_donor,MOF_ABUFUA,75,5,30,False,0.9816,False
B_same_metal,random_same_donor,MOF_ABUHAJ,11,4,1,False,0.9561,True
B_same_metal,random_same_donor,MOF_ABULUG,17,5,7,True,0.8171,True
B_same_metal,random_same_donor,MOF_ABUQEU,18,1,5,False,1.0,False
B_same_metal,random_same_donor,MOF_ABZCUH,17,3,7,True,0.9792,True
B_same_metal,random_same_donor,MOF_ABZCUH01,17,3,7,False,0.9443,True
B_same_metal,random_same_donor,MOF_ABZCUH02,17,3,7,False,0.9651,True
B_same_metal,random_same_donor,MOF_ABZCUH03,17,3,7,False,0.9977,True
B_same_metal,random_same_donor,MOF_ACABEM,23,10,10,False,0.823,True
B_same_metal,random_same_donor,MOF_ACAGEQ,62,15,24,False,0.9907,True
B_same_metal,random_same_donor,MOF_ACAGOB,17,2,8,False,0.9827,False
B_same_metal,random_same_donor,MOF_ACAJEU,148,47,55,False,0.9999,True
B_same_metal,random_same_donor,MOF_ACAJIY,11,1,9,False,0.9517,False
B_same_metal,random_same_donor,MOF_ACAJOG,23,9,10,True,0.9732,True
B_same_metal,random_same_donor,MOF_ACAKEX,148,49,51,False,0.9934,True
B_same_metal,random_same_donor,MOF_ACAKUO,17,1,15,False,0.9248,False
B_same_metal,random_same_donor,MOF_ACALID,17,4,7,False,0.9154,True
B_same_metal,random_same_donor,MOF_ACAQII,17,4,7,False,0.9751,True
B_same_metal,random_same_donor,MOF_ACASUT,30,2,18,False,0.9497,False
B_same_metal,random_same_donor,MOF_ACATIJ,25,8,5,True,0.9837,True
B_same_metal,random_same_donor,MOF_ACAVOT,11,2,4,True,0.9751,True
B_same_metal,random_same_donor,MOF_ACBACU,148,56,52,True,0.996,True
B_same_metal,random_same_donor,MOF_ACEBOA,17,5,9,False,0.8985,True
B_same_metal,random_same_donor,MOF_ACEDUJ,148,26,60,False,0.9994,False
B_same_metal,random_same_donor,MOF_ACEKEZ,32,1,19,False,0.9955,False
B_same_metal,random_same_donor,MOF_ACEKOK,17,5,7,False,0.9644,True
B_same_metal,random_same_donor,MOF_ACELIF,62,15,18,False,0.9878,True
B_same_metal,random_same_donor,MOF_ACEMAA,23,2,9,False,0.997,False
B_same_metal,random_same_donor,MOF_ACEMEE,23,2,9,False,0.8587,False
B_same_metal,random_same_donor,MOF_ACEMII,148,26,60,False,0.9867,True
B_same_metal,random_same_donor,MOF_ACEPAD,62,6,42,False,0.9953,True
B_same_metal,random_same_donor,MOF_ACEPIH,148,26,60,False,0.9892,True
B_same_metal,random_same_donor,MOF_ACESAG,17,5,7,False,0.7469,True
B_same_metal,random_same_donor,MOF_ACETIP,25,7,5,False,0.9145,True
B_same_metal,random_same_donor,MOF_ACETOV,25,7,5,False,0.9104,True
B_same_metal,random_same_donor,MOF_ACEVIR,25,7,5,True,0.9856,True
B_same_metal,random_same_donor,MOF_ACEVOX,25,8,5,False,0.9414,False
B_same_metal,random_same_donor,MOF_ACEWAJ,45,2,20,False,0.9886,False
B_same_metal,random_same_donor,MOF_ACEWEN,45,1,20,False,0.9894,False
B_same_metal,random_same_donor,MOF_ACEWIR,45,2,20,False,0.9917,False
B_same_metal,random_same_donor,MOF_ACICOF,45,20,12,False,0.994,False
B_same_metal,random_same_donor,MOF_ACIDAT,148,25,50,False,0.9999,False
B_same_metal,random_same_donor,MOF_ACIJAX,148,49,49,True,0.9999,True
B_same_metal,random_same_donor,MOF_ACIJEB,62,15,24,False,0.9571,False
B_same_metal,random_same_donor,MOF_ACIQIN,32,16,7,False,0.9513,True
B_same_metal,random_same_donor,MOF_ACIRIP,17,4,9,False,0.981,True
B_same_metal,random_same_donor,MOF_ACIROV,25,8,5,False,0.9939,True
B_same_metal,random_same_donor,MOF_ACISAK,17,3,8,True,0.96,True
B_same_metal,random_same_donor,MOF_ACISEM,148,28,53,True,0.9968,True
B_same_metal,random_same_donor,MOF_ACISIQ,148,7,60,False,0.9991,False
B_same_metal,random_same_donor,MOF_ACISOW,45,9,14,False,0.9595,False
B_same_metal,random_same_donor,MOF_ACITAK,148,3,59,False,0.9904,False
B_same_metal,random_same_donor,MOF_ACITOV,30,6,11,False,0.939,False
B_same_metal,random_same_donor,MOF_ACIYER,37,6,17,False,0.9839,False
B_same_metal,random_same_donor,MOF_ACIYER01,37,6,17,False,0.9832,False
B_same_metal,random_same_donor,MOF_ACIYER02,37,6,17,False,0.9669,True
B_same_metal,random_same_donor,MOF_ACIYER07,37,6,17,False,0.9791,True
B_same_metal,random_same_donor,MOF_ACIYIV,37,6,17,False,0.9625,False
B_same_metal,random_same_donor,MOF_ACMCRU,25,7,6,False,0.9882,True
B_same_metal,random_same_donor,MOF_ACMCRU01,25,7,6,False,0.9941,False
B_same_metal,random_same_donor,MOF_ACMONA,22,4,9,False,0.9672,False
B_same_metal,random_same_donor,MOF_ACNBPC,62,12,26,False,0.9934,True
B_same_metal,random_same_donor,MOF_ACOHUW,32,2,7,False,0.9773,False
B_same_metal,random_same_donor,MOF_ACOHUW01,32,2,7,False,0.99,False
B_same_metal,random_same_donor,MOF_ACOHUW02,32,2,7,False,0.9652,True
B_same_metal,random_same_donor,MOF_ACOHUW03,32,2,7,True,0.9654,True
B_same_metal,random_same_donor,MOF_ACOLAG,75,4,29,False,0.9922,False
B_same_metal,random_same_donor,MOF_ACOMEL,75,1,30,False,0.9955,False
B_same_metal,random_same_donor,MOF_ACORUJ,17,3,9,False,0.9393,True
B_same_metal,random_same_donor,MOF_ACOYEY,45,1,18,False,0.9959,False
B_same_metal,random_same_donor,MOF_ACPCRB,25,12,7,False,0.895,True
B_same_metal,random_same_donor,MOF_ACPCRB01,25,12,7,True,0.9842,True
B_same_metal,random_same_donor,MOF_ACUCEG,45,1,18,False,0.9974,True
B_same_metal,random_same_donor,MOF_ACUCIK,45,1,18,False,0.9863,False
B_same_metal,random_same_donor,MOF_ACUDAD,25,7,5,False,0.9565,True
B_same_metal,random_same_donor,MOF_ACUDEJ,148,43,44,False,0.996,True
B_same_metal,random_same_donor,MOF_ACUFAH,25,12,5,True,0.9917,True
B_same_metal,random_same_donor,MOF_ACUFOV,45,19,14,False,0.9781,True
B_same_metal,random_same_donor,MOF_ACUFUR,148,26,60,False,0.9992,False
B_same_metal,random_same_donor,MOF_ACUFUR01,148,26,60,False,0.9931,False
B_same_metal,random_same_donor,MOF_ACUHEO,18,3,14,False,0.9668,False
B_same_metal,random_same_donor,MOF_ACUQEX,33,3,12,False,0.9991,False
B_same_metal,random_same_donor,MOF_ACUQUK,25,4,5,False,0.9978,False
B_same_metal,random_same_donor,MOF_ACUQUK01,25,4,5,False,0.9684,False
B_same_metal,random_same_donor,MOF_ACUQUO,32,9,8,False,0.9653,True
B_same_metal,random_same_donor,MOF_ACURAR,25,8,5,False,0.9843,False
B_same_metal,random_same_donor,MOF_ACUREV,25,6,5,False,0.9819,False
B_same_metal,random_same_donor,MOF_ACUWIE,148,34,51,False,0.9952,True
B_same_metal,random_same_donor,MOF_ACUWON,11,1,7,False,0.9926,True
B_same_metal,random_same_donor,MOF_ACYLAG,25,2,5,False,0.9781,False
B_same_metal,random_same_donor,MOF_ADAFAN,45,22,13,True,0.9857,True
B_same_metal,random_same_donor,MOF_ADAFAN01,45,22,13,True,0.9762,True
B_same_metal,random_same_donor,MOF_ADALID,10,1,9,False,0.95,True
B_same_metal,random_same_donor,MOF_ADAMIC,148,46,50,False,0.997,True
B_same_metal,random_same_donor,MOF_ADAQEB,148,37,43,False,0.9918,True
B_same_metal,random_same_donor,MOF_ADAQEB01,148,37,43,True,0.9981,True
B_same_metal,random_same_donor,MOF_ADAWOS,25,6,5,False,0.9144,True
B_same_metal,random_same_donor,MOF_ADAXIP,148,55,50,True,0.9943,True
B_same_metal,random_same_donor,MOF_ADECAQ,45,19,15,False,0.9997,True
B_same_metal,random_same_donor,MOF_ADEFAS,148,51,56,False,0.9935,True
B_same_metal,random_same_donor,MOF_ADEFEW,148,51,56,False,0.994,True
B_same_metal,random_same_donor,MOF_ADEFOG,148,51,56,True,0.9904,True
B_same_metal,random_same_donor,MOF_ADEGEY,17,3,8,True,0.9559,True
B_same_metal,random_same_donor,MOF_ADEGOG,45,20,12,True,0.9702,True
B_same_metal,random_same_donor,MOF_ADEJEA,23,9,10,True,0.9419,True
