family,size,metals,cns,L0_match,L1_match,L2_match,L3_match,n_boundary,n_unique_L0,n_unique_L1,n_unique_L2,n_unique_L3
ACACCU,72,Cu,4,0.2062,0.8408,0.8415,0.8415,1,14,4,3,3
COACAC,24,Co,6,0.2754,0.9167,0.2754,0.2754,0,5,2,5,5
CUACDH,24,Cu,6,0.2428,0.3623,0.4783,0.4783,0,12,3,2,2
AKIKIS,22,Co,6,0.9091,0.9091,0.9091,0.9091,0,2,2,2,2
DELPES,22,Zn,6,0.0043,0.1991,0.5152,1.0,7,21,8,2,1
BAXWOM,19,Au,3,0.4269,1.0,1.0,1.0,0,3,1,1,1
ACACVO,14,V,5,0.1319,0.4725,0.4725,1.0,14,6,2,2,1
COTPHP,13,Co,4,0.0,0.3333,1.0,1.0,0,13,3,1,1
ACUWOK,12,Pt,4,0.0,0.697,0.697,1.0,0,12,2,2,1
ACUWUQ,12,Pt,4;5,0.0,0.2879,0.5606,0.5909,0,12,4,3,2
BEYRAY,12,Cu,6,0.8333,0.8333,0.8333,0.8333,0,2,2,2,2
BIKZUT,12,Co,6,1.0,1.0,1.0,1.0,0,1,1,1,1
BPYCPT,11,Pt,4,0.0182,1.0,1.0,1.0,0,10,1,1,1
CDMSOR,10,Ru,6,0.0,0.2667,0.6444,1.0,3,10,4,2,1
ACUXAX,9,Pt,4;5,0.0,0.7778,0.7778,0.7778,0,9,2,2,2
BORQAD,9,Co,6,0.2778,0.4167,0.3056,0.3611,1,5,4,4,3
BQDXPT,9,Pt,4,0.0278,0.5833,0.6111,0.6111,1,8,3,2,2
CDMSOP,9,Pt,4,0.3611,1.0,1.0,1.0,0,3,1,1,1
COPTCY,9,Co,4,0.5833,0.7778,0.7778,0.7778,0,3,2,2,2
CTPPAU,9,Au,2,1.0,1.0,1.0,1.0,0,1,1,1,1
CTPZCU,9,Cu,6,0.0833,1.0,1.0,1.0,0,7,1,1,1
DEXLOJ,9,Pd,4,0.1667,0.5833,0.7778,1.0,0,6,3,2,1
APENCU,8,Cu,5,0.0,0.5357,0.75,0.75,6,8,3,2,2
CATXAY,8,Pt,4,0.1429,1.0,1.0,1.0,0,5,1,1,1
CUQUIN,8,Cu,4,1.0,1.0,1.0,1.0,0,1,1,1,1
ANIMAC,7,Ni,6,0.0,1.0,1.0,1.0,0,7,1,1,1
CETVOP,7,Mn,4,0.0,1.0,1.0,1.0,0,7,1,1,1
CUPICH,7,Cu,4,1.0,1.0,1.0,1.0,0,1,1,1,1
CUTPOR,7,Cu,4,0.0476,0.4286,0.4286,1.0,0,6,2,2,1
DIBFAY,7,Re,6,0.0,0.2857,0.7143,1.0,1,7,4,2,1
ACACMN,6,Mn,6,0.0,0.2,0.6667,0.6667,3,6,4,2,2
AEPIPC,6,Cu,5,0.0667,0.4667,1.0,1.0,2,5,2,1,1
AFOLIQ,6,Mn,6,0.2,0.2667,1.0,1.0,3,4,3,1,1
AGOXEZ,6,Cu,4,0.6667,0.6667,0.6667,0.6667,0,2,2,2,2
ASUPOW,6,Co,6,0.0,0.2,0.4667,0.4667,0,6,4,2,2
AZOCNI,6,Ni,5,0.0,0.2667,1.0,1.0,0,6,3,1,1
BACSIK,6,Co,6,1.0,1.0,1.0,1.0,0,1,1,1,1
BAXFIS,6,Fe,6,0.0,0.4667,0.4667,0.4667,0,6,2,2,2
BAXXAB,6,Fe,6,0.0,0.1333,1.0,1.0,3,6,4,1,1
BORSAF,6,Co,6,0.4,1.0,0.4,0.4,0,3,1,3,3
CAGVOV,6,Co,6,0.0,1.0,1.0,1.0,0,6,1,1,1
CAXPUM,6,Zn,4;5,0.4667,0.4667,0.4667,0.4667,0,2,2,2,2
CIWHAU,6,Fe,6,0.0,0.0667,0.4,0.6667,1,6,5,3,2
CNSPYN,6,Ni,3;6,0.0,0.6667,0.6667,0.6667,0,6,2,2,2
CONICH,6,Co,6,0.0,0.2667,1.0,1.0,0,6,3,1,1
COVLUX,6,Ni,4,0.0,0.4,0.4,1.0,0,6,2,2,1
AGEWOY,5,Pd,4,0.2,0.4,1.0,1.0,0,3,2,1,1
AGUREC,5,Co,6,0.0,0.1,0.1,0.3,1,5,4,4,3
AQCOAM,5,Co,6,0.0,1.0,1.0,1.0,0,5,1,1,1
AWEPAW,5,Cu,4,0.0,0.4,0.4,1.0,0,5,2,2,1
AWOCAQ,5,Cu,4,0.0,0.0,0.2,0.4,2,5,5,3,2
BEGXOB,5,Fe,6,0.0,0.4,1.0,1.0,0,5,2,1,1
BETHEO,5,Cu,4;5,0.0,0.6,0.4,0.4,0,5,2,2,2
BISKIX,5,Pd,4,0.6,1.0,1.0,1.0,0,2,1,1,1
BOJJIW,5,Pd,4,0.0,0.6,0.6,1.0,0,5,2,2,1
BOPXUD,5,Fe,6,0.0,0.4,1.0,1.0,0,5,2,1,1
BPYRUF,5,Ru,6,0.0,0.0,0.6,1.0,2,5,5,2,1
CAYSEE,5,Co,6,1.0,1.0,1.0,1.0,0,1,1,1,1
CLCBCR,5,Cr,6,0.0,0.3,0.4,1.0,1,5,3,2,1
CLTPOC,5,Co,4,0.0,1.0,1.0,1.0,0,5,1,1,1
COXSOY,5,Cu,5;6,0.3,0.3,0.4,0.4,0,3,3,2,2
CUDBEM,5,Fe,6,0.0,0.2,1.0,1.0,0,5,3,1,1
CUPOCY,5,Cu,4,1.0,1.0,1.0,1.0,0,1,1,1,1
CUSALA,5,Cu,4,0.6,1.0,1.0,1.0,0,2,1,1,1
DETZEI,5,Ni,4,1.0,1.0,1.0,1.0,0,1,1,1,1
DIBWOB,5,Cu,4,0.0,1.0,1.0,1.0,0,5,1,1,1
ABUPUM,4,Pt,4,0.0,0.0,0.1667,0.5,1,4,4,3,2
AFEMEE,4,Zn,4,0.1667,1.0,1.0,1.0,0,3,1,1,1
AHUWEF,4,Cu,4,0.1667,1.0,1.0,1.0,0,3,1,1,1
BABMUQ,4,Cu,4,0.3333,1.0,1.0,1.0,0,2,1,1,1
BABNAX,4,Cu,4,0.5,1.0,1.0,1.0,0,2,1,1,1
BEJKUZ,4,Cu,4,0.5,1.0,1.0,1.0,0,2,1,1,1
BENVEV,4,Co,6,0.5,1.0,1.0,1.0,0,2,1,1,1
BETDCU,4,Cu,4,0.0,1.0,1.0,1.0,4,4,1,1,1
BIRFUF,4,Zn,4,0.1667,1.0,1.0,1.0,0,3,1,1,1
BIXSOU,4,Co,6,0.0,0.0,1.0,1.0,2,4,4,1,1
BOCZEB,4,Fe,6,0.0,0.5,1.0,1.0,0,4,2,1,1
BOWPUY,4,Cu,2,1.0,1.0,1.0,1.0,0,1,1,1,1
BUCDAG,4,Cu,4,0.1667,1.0,1.0,1.0,0,3,1,1,1
CANBID,4,Ni,6,0.1667,0.5,1.0,1.0,0,3,2,1,1
CANVOD,4,Cu,4,0.0,0.5,1.0,1.0,1,4,2,1,1
CEHCAT,4,Zn,4;6,0.3333,0.3333,0.3333,0.3333,0,2,2,2,2
CEHFUQ,4,Cu,3,0.1667,1.0,1.0,1.0,0,3,1,1,1
CEMSAP,4,W,6,0.0,0.1667,1.0,1.0,0,4,3,1,1
CIDVOA,4,Cr,6,0.0,0.0,0.5,0.5,0,4,4,2,2
CIDWER,4,Os,2,0.5,1.0,1.0,1.0,0,2,1,1,1
CIWGEX,4,Fe,6,0.0,0.1667,0.5,1.0,1,4,3,2,1
CIWJEA,4,Fe,6,0.0,0.1667,0.5,1.0,1,4,3,2,1
CLPOZN,4,Zn,4,0.1667,1.0,1.0,1.0,0,3,1,1,1
CLTPNI,4,Ni,4,0.1667,1.0,1.0,1.0,0,3,1,1,1
COBLOX,4,Ni,4,0.1667,0.5,0.5,1.0,0,3,2,2,1
CODAAC,4,Co,6,0.0,0.5,0.5,0.5,0,4,2,2,2
COTUCL,4,Co,4,0.0,0.5,0.5,0.5,0,4,2,2,2
COWVUJ,4,Cu,5,1.0,1.0,1.0,1.0,0,1,1,1,1
CUHOPT,4,Cu,4;6,0.3333,0.3333,0.3333,0.3333,0,2,2,2,2
DECMAD,4,Fe,6,0.0,0.1667,1.0,1.0,0,4,3,1,1
DELPOA,4,Co,4,0.0,1.0,1.0,1.0,0,4,1,1,1
DELWEX,4,Cu,4,0.0,0.5,1.0,1.0,0,4,2,1,1
DERNOD,4,Cu,4,0.5,1.0,1.0,1.0,0,2,1,1,1
DETCPD,4,Pd,4,0.1667,0.1667,0.1667,0.1667,1,3,3,3,3
DEVTEE,4,Zn,6,0.1667,0.5,0.5,0.5,0,3,2,2,2
ABUVEC,3,Co,6,0.0,1.0,1.0,1.0,0,3,1,1,1
ACACCR,3,Cr,6,0.0,0.3333,1.0,1.0,0,3,2,1,1
AEAMNI,3,Ni,6,0.0,0.0,1.0,1.0,0,3,3,1,1
AEPYCC,3,Cu,4,0.0,1.0,1.0,1.0,0,3,1,1,1
AFAQAZ,3,Cd,6,0.0,0.3333,1.0,1.0,0,3,2,1,1
AFOYUS,3,Fe,6,0.0,0.0,0.3333,0.3333,0,3,3,2,2
AFULOC,3,Co,6,0.0,0.0,1.0,1.0,1,3,3,1,1
AFULUI,3,Co,6,0.0,0.3333,0.0,0.0,0,3,2,3,3
AGLCMN,3,Mn,6,0.0,0.0,0.3333,1.0,2,3,3,2,1
AGOYUR,3,Cu,4,0.0,1.0,1.0,1.0,0,3,1,1,1
AHADEV,3,Co,6,0.0,0.0,1.0,1.0,1,3,3,1,1
AHUGOA,3,Fe,4,0.3333,1.0,1.0,1.0,0,2,1,1,1
AHUWIJ,3,Cu,4,0.3333,1.0,1.0,1.0,0,2,1,1,1
AIBXNI,3,Ni,6,0.0,0.0,1.0,1.0,1,3,3,1,1
AJISAN,3,Cu,4,0.0,0.3333,0.3333,1.0,0,3,2,2,1
AJOBAC,3,Fe,6,0.0,0.0,0.0,0.0,1,3,3,3,3
ALAPEI,3,Cu,5,0.0,0.0,1.0,1.0,2,3,3,1,1
ALEUCU,3,Cu,5,1.0,1.0,1.0,1.0,0,1,1,1,1
AMOGEO,3,Cu,5,0.0,0.3333,1.0,1.0,1,3,2,1,1
AMORCU,3,Cu,4,0.0,0.3333,1.0,1.0,0,3,2,1,1
AMPCUC,3,Cu,4,0.0,0.0,0.3333,1.0,0,3,3,2,1
ANPNCU,3,Cu,5;6,0.3333,0.3333,0.3333,0.3333,0,2,2,2,2
APIBEJ,3,Ni,4,0.0,1.0,1.0,1.0,0,3,1,1,1
APICCO,3,Co,6,0.0,0.3333,1.0,1.0,0,3,2,1,1
APUQOR,3,Co,4,0.3333,1.0,1.0,1.0,0,2,1,1,1
AQOYEM,3,Pt,4,0.0,0.3333,0.3333,0.3333,0,3,2,2,2
AQUROT,3,Ru,6,0.0,0.0,0.3333,1.0,1,3,3,2,1
ASALPD,3,Pd,4,0.0,1.0,1.0,1.0,0,3,1,1,1
ATADEE,3,Hg,4,0.3333,1.0,1.0,1.0,3,2,1,1,1
ATISIF,3,Cu,6,0.0,0.3333,1.0,1.0,2,3,2,1,1
ATOCIV,3,Cu,5;6,0.3333,0.3333,0.3333,0.3333,0,2,2,2,2
AYADIN,3,Cd,6,0.0,0.3333,0.3333,0.3333,0,3,2,2,2
AYANET,3,Pt,4,0.3333,1.0,1.0,1.0,0,2,1,1,1
BAGROT,3,Mn,6,0.0,0.0,1.0,1.0,1,3,3,1,1
BAVYOM,3,Co,6,0.0,0.3333,1.0,1.0,0,3,2,1,1
BELLEJ,3,Co,6,0.0,1.0,1.0,1.0,0,3,1,1,1
BENJIN,3,Hg,6,0.0,0.3333,1.0,1.0,0,3,2,1,1
BESNOC,3,Cu,4;6,0.3333,0.3333,0.3333,0.3333,0,2,2,2,2
BIHGEE,3,Co,4,0.0,1.0,1.0,1.0,0,3,1,1,1
BILBOQ,3,Co,6,1.0,1.0,1.0,1.0,0,1,1,1,1
BISNUM,3,Zn,4,0.0,1.0,1.0,1.0,0,3,1,1,1
BITSAY,3,Ti,5,0.0,0.0,0.3333,1.0,2,3,3,2,1
BIXSIO,3,Co,6,0.0,0.0,0.3333,1.0,1,3,3,2,1
BOCYOK,3,Fe,6,0.0,0.3333,1.0,1.0,0,3,2,1,1
BODGAE,3,Fe,6,0.0,0.0,0.3333,0.3333,1,3,3,2,2
BOWPOS,3,Cu,2,1.0,1.0,1.0,1.0,0,1,1,1,1
BPHMNC,3,Mn,5,0.3333,1.0,1.0,1.0,0,2,1,1,1
BPYMNA,3,Mn,6,0.0,0.0,1.0,1.0,1,3,3,1,1
BUCDEK,3,Cu,4,0.3333,1.0,1.0,1.0,0,2,1,1,1
BUHVUY,3,Zn,4,0.0,0.3333,1.0,1.0,0,3,2,1,1
BULZAJ,3,Hg,4,0.0,0.3333,1.0,1.0,0,3,2,1,1
BUPLAA,3,Ni,4,0.0,0.3333,0.3333,1.0,0,3,2,2,1
BUXFEF,3,Ta,6,0.3333,0.3333,1.0,1.0,1,2,2,1,1
BUYTUK,3,Cd,6,0.3333,1.0,0.3333,0.3333,0,2,1,2,2
BUZNUH,3,Cu,2,1.0,1.0,1.0,1.0,0,1,1,1,1
CADENZ,3,Zn,4,0.0,0.0,0.0,0.0,0,3,3,3,3
CAMVOB,3,Cr,6,0.0,1.0,1.0,1.0,0,3,1,1,1
CAQZUQ,3,Ru,6,0.0,0.0,0.3333,1.0,2,3,3,2,1
CAYQEZ,3,Zn,6,0.0,0.0,1.0,1.0,1,3,3,1,1
CCENPT,3,Pt,4,0.0,1.0,1.0,1.0,0,3,1,1,1
CDHIST,3,Cd,6,0.0,0.3333,1.0,1.0,1,3,2,1,1
CEDZAO,3,Co,6,0.0,0.3333,1.0,1.0,2,3,2,1,1
CEFFOI,3,Zn,4,0.0,1.0,1.0,1.0,0,3,1,1,1
CEXBEM,3,Ni,6,0.0,0.3333,1.0,1.0,0,3,2,1,1
CEZKEX,3,Pt,4,0.0,1.0,1.0,1.0,0,3,1,1,1
CHSALC,3,Cu,4,0.3333,1.0,1.0,1.0,0,2,1,1,1
CIJNUF,3,Hg,4,0.0,1.0,1.0,1.0,0,3,1,1,1
CIKXIE,3,Pt,4,0.0,1.0,1.0,1.0,0,3,1,1,1
CIRVOO,3,Zn,4,0.0,1.0,1.0,1.0,0,3,1,1,1
CITDAK,3,Zn,6,0.0,0.3333,1.0,1.0,0,3,2,1,1
CIWKUO,3,Pt,4,0.0,1.0,1.0,1.0,0,3,1,1,1
CLPLCU,3,Cu,5,0.0,0.3333,1.0,1.0,0,3,2,1,1
COAQAC,3,Co,6,0.3333,1.0,1.0,1.0,0,2,1,1,1
COIMAC,3,Co,4,0.0,0.0,1.0,1.0,2,3,3,1,1
COSXOX,3,Cu,4,0.0,0.3333,0.3333,0.3333,0,3,2,2,2
COYBOI,3,Pd,4,0.0,0.3333,0.3333,1.0,0,3,2,2,1
CPICPT,3,Pt,4,0.0,1.0,1.0,1.0,0,3,1,1,1
CTPOCU,3,Cu,4,0.0,0.3333,1.0,1.0,0,3,2,1,1
CUBBUA,3,Pt,4,0.0,0.3333,1.0,1.0,0,3,2,1,1
CUBEAC,3,Cu,4,0.0,1.0,1.0,1.0,0,3,1,1,1
CUDCEN,3,Fe,6,0.0,0.3333,0.3333,1.0,1,3,2,2,1
CULZUE,3,Ni,4,0.3333,1.0,1.0,1.0,0,2,1,1,1
CUMMIH,3,Mo,6,0.0,0.3333,0.3333,1.0,1,3,2,2,1
CURBIC,3,Fe,4,0.0,1.0,1.0,1.0,0,3,1,1,1
CUZCEF,3,Tc,5,0.0,1.0,1.0,1.0,3,3,1,1,1
DADFAR,3,Fe,6,0.0,0.0,1.0,1.0,1,3,3,1,1
DANTUH,3,Re,6,0.0,1.0,1.0,1.0,0,3,1,1,1
DASFUY,3,Zn,4,0.0,0.3333,0.3333,0.3333,3,3,2,2,2
DECVEM,3,W,3,0.3333,1.0,1.0,1.0,0,2,1,1,1
DECXAL,3,Ni,6,0.0,1.0,1.0,1.0,0,3,1,1,1
DEDFEY,3,Zr,6,0.0,0.3333,1.0,1.0,1,3,2,1,1
DEDHAY,3,Pt,4,0.0,1.0,1.0,1.0,0,3,1,1,1
DEENCU,3,Cu,4,0.0,0.0,0.3333,0.3333,0,3,3,2,2
DEFJIH,3,Cu,6,0.0,0.3333,1.0,1.0,0,3,2,1,1
DEKHEG,3,Fe,6,0.3333,1.0,1.0,1.0,0,2,1,1,1
DEYDUI,3,Co,4,0.0,1.0,1.0,1.0,0,3,1,1,1
DEYQUU,3,Cd,6,0.0,0.0,1.0,1.0,1,3,3,1,1
DEYVUZ,3,Pd,4,0.0,1.0,1.0,1.0,0,3,1,1,1
ABACAL,2,Cu,3,1.0,1.0,1.0,1.0,0,1,1,1,1
ABAXEH,2,Ni,4,0.0,0.0,0.0,1.0,0,2,2,2,1
ABEFUI,2,Zr,6,1.0,1.0,1.0,1.0,0,1,1,1,1
ABEYIS,2,Cu,4,0.0,1.0,1.0,1.0,0,2,1,1,1
ABHYZV,2,V,6,1.0,1.0,1.0,1.0,0,1,1,1,1
ABITEM,2,Fe,6,0.0,0.0,0.0,0.0,0,2,2,2,2
ABUXOK,2,Os,6,0.0,1.0,1.0,1.0,0,2,1,1,1
ACABRH,2,Rh,4,0.0,0.0,0.0,0.0,0,2,2,2,2
ACACPD,2,Pd,4,0.0,1.0,1.0,1.0,0,2,1,1,1
ACACRU,2,Ru,6,0.0,0.0,0.0,0.0,2,2,2,2,2
ACAHUJ,2,Fe,6,0.0,0.0,0.0,0.0,0,2,2,2,2
ACAKOF,2,Fe,6,0.0,1.0,1.0,1.0,0,2,1,1,1
ACATUT,2,Pt,6,0.0,1.0,1.0,1.0,0,2,1,1,1
ACEHOI,2,Zn,4,0.0,0.0,1.0,1.0,0,2,2,1,1
ACEYOW,2,Fe,6,0.0,1.0,1.0,1.0,0,2,1,1,1
ACIYET,2,Au,2,1.0,1.0,1.0,1.0,0,1,1,1,1
ACLBNI,2,Ni,6,0.0,0.0,1.0,1.0,1,2,2,1,1
ACNCRE,2,Re,6,0.0,0.0,0.0,1.0,1,2,2,2,1
ACNIET,2,Ni,6,0.0,0.0,0.0,0.0,0,2,2,2,2
ACOCIF,2,Zn,5,0.0,1.0,1.0,1.0,0,2,1,1,1
ACOREQ,2,Fe,6,0.0,0.0,0.0,1.0,1,2,2,2,1
ACOROA,2,Fe,6,0.0,0.0,1.0,1.0,1,2,2,1,1
ACOSAN,2,Fe,6,0.0,0.0,1.0,1.0,1,2,2,1,1
ACOTIV,2,Fe,5,0.0,0.0,1.0,1.0,1,2,2,1,1
ACPHCU,2,Cu,4,0.0,0.0,1.0,1.0,0,2,2,1,1
ACRHCO,2,Ir,4,0.0,0.0,0.0,1.0,0,2,2,2,1
ACUBOS,2,Cu,5,0.0,0.0,1.0,1.0,0,2,2,1,1
ACUGEN,2,Hg,4,0.0,1.0,1.0,1.0,0,2,1,1,1
ACUZII,2,Fe,6,0.0,1.0,1.0,1.0,0,2,1,1,1
ADAQUU,2,Fe,6,0.0,0.0,0.0,0.0,0,2,2,2,2
ADAREF,2,Fe,6,0.0,0.0,0.0,0.0,0,2,2,2,2
ADASUX,2,Ru,5,0.0,1.0,1.0,1.0,2,2,1,1,1
ADUREX,2,Zn,4,0.0,0.0,1.0,1.0,0,2,2,1,1
ADUSEZ,2,Pt,4,0.0,1.0,1.0,1.0,0,2,1,1,1
AFANEB,2,Fe,6,0.0,0.0,0.0,1.0,2,2,2,2,1
AFEDEW,2,Cu,6,1.0,1.0,1.0,1.0,0,1,1,1,1
AFELED,2,Cu,5,0.0,0.0,1.0,1.0,1,2,2,1,1
AFOMAN,2,Fe,6,0.0,0.0,1.0,1.0,1,2,2,1,1
AFULAO,2,Co,6,0.0,1.0,1.0,1.0,0,2,1,1,1
AFULIW,2,Co,6,0.0,0.0,1.0,1.0,1,2,2,1,1
AFUMOH,2,Mn,4,0.0,1.0,1.0,1.0,0,2,1,1,1
AFUMUN,2,Mn,4,0.0,1.0,1.0,1.0,0,2,1,1,1
AGACAO,2,Mo,6,0.0,0.0,0.0,1.0,1,2,2,2,1
AGAMAX,2,Zn,6,0.0,0.0,0.0,1.0,1,2,2,2,1
AGAWIO,2,Cu,4,0.0,1.0,1.0,1.0,0,2,1,1,1
AGEMUY,2,Cu,4,0.0,0.0,1.0,1.0,0,2,2,1,1
AGEWUF,2,Hg,4,0.0,1.0,1.0,1.0,0,2,1,1,1
AGEZOB,2,Cd,4,0.0,1.0,1.0,1.0,0,2,1,1,1
AGIMHN,2,Ag,2,1.0,1.0,1.0,1.0,0,1,1,1,1
AGIQUF,2,Ru,6,0.0,1.0,1.0,1.0,0,2,1,1,1
AGLCUD,2,Cu,4,1.0,1.0,1.0,1.0,0,1,1,1,1
AGOSAT,2,Pt,6,1.0,1.0,1.0,1.0,0,1,1,1,1
AGOTOH,2,Pd,4,1.0,1.0,1.0,1.0,0,1,1,1,1
AGOZOL,2,Co,6,0.0,1.0,1.0,1.0,0,2,1,1,1
AGOZUR,2,Ni,6,0.0,1.0,1.0,1.0,0,2,1,1,1
AGUBAF,2,Mn,6,0.0,1.0,1.0,1.0,0,2,1,1,1
AGUZOR,2,Ni,4,1.0,1.0,1.0,1.0,0,1,1,1,1
AHABAM,2,Ni,4,0.0,1.0,1.0,1.0,0,2,1,1,1
AHADUL,2,Co,6,0.0,0.0,1.0,1.0,0,2,2,1,1
AHAFIB,2,Co,6,0.0,0.0,0.0,0.0,0,2,2,2,2
AHDNIC,2,Ni,6,0.0,0.0,1.0,1.0,0,2,2,1,1
AHEHIF,2,Ru,6,0.0,1.0,1.0,1.0,0,2,1,1,1
AHITUI,2,Zn,5,0.0,0.0,1.0,1.0,0,2,2,1,1
AHMALM,2,Mn,6,0.0,1.0,1.0,1.0,0,2,1,1,1
AHOWIF,2,Pt,4,0.0,1.0,1.0,1.0,0,2,1,1,1
AJEGAY,2,Ni,4,0.0,0.0,0.0,0.0,0,2,2,2,2
AJINIQ,2,Cu,4,0.0,0.0,0.0,1.0,0,2,2,2,1
AJUJIY,2,Co,6,1.0,1.0,1.0,1.0,0,1,1,1,1
AJUJUK,2,Cu,6,0.0,1.0,1.0,1.0,0,2,1,1,1
AJUZOU,2,Re,6,0.0,1.0,1.0,1.0,0,2,1,1,1
AKEMUY,2,Fe,6,1.0,1.0,1.0,1.0,0,1,1,1,1
AKENAF,2,Fe,6,0.0,0.0,0.0,0.0,0,2,2,2,2
AKEQIQ,2,Co,6,0.0,0.0,0.0,0.0,0,2,2,2,2
AKETAM,2,Pd,4,1.0,1.0,1.0,1.0,0,1,1,1,1
AKETIU,2,Pd,4,0.0,1.0,1.0,1.0,0,2,1,1,1
AKOBAD,2,Co,6,0.0,0.0,1.0,1.0,0,2,2,1,1
AKUNAY,2,Ni,4,0.0,0.0,1.0,1.0,0,2,2,1,1
AKUVUA,2,Pt,4,0.0,1.0,1.0,1.0,0,2,1,1,1
AKUWEL,2,Pt,4,0.0,1.0,1.0,1.0,0,2,1,1,1
ALAFOK,2,Cu,6,0.0,1.0,1.0,1.0,0,2,1,1,1
ALESOB,2,Cu,4,0.0,1.0,1.0,1.0,0,2,1,1,1
ALIQOD,2,Mn,6,0.0,0.0,1.0,1.0,1,2,2,1,1
ALIRAP,2,Cu,4,0.0,1.0,1.0,1.0,0,2,1,1,1
ALOPAS,2,Zn,5,0.0,0.0,1.0,1.0,0,2,2,1,1
ALOTED,2,Mn,4,0.0,1.0,1.0,1.0,0,2,1,1,1
ALOTIH,2,Mn,4,0.0,1.0,1.0,1.0,0,2,1,1,1
ALSACU,2,Cu,4,0.0,1.0,1.0,1.0,0,2,1,1,1
ALUNUR,2,Ag,5,0.0,0.0,1.0,1.0,0,2,2,1,1
ALUSEI,2,Ti,6,0.0,0.0,1.0,1.0,1,2,2,1,1
AMANOS,2,Ag,4,0.0,1.0,1.0,1.0,0,2,1,1,1
AMIQOC,2,Zn,4,0.0,1.0,1.0,1.0,0,2,1,1,1
ANREPS,2,Re,6,0.0,0.0,0.0,1.0,2,2,2,2,1
APAICU,2,Cu,5,0.0,1.0,1.0,1.0,2,2,1,1,1
APUTOW,2,Pt,4,0.0,1.0,1.0,1.0,0,2,1,1,1
AQACNI,2,Ni,6,0.0,1.0,1.0,1.0,0,2,1,1,1
AQAHUV,2,Au,2,1.0,1.0,1.0,1.0,0,1,1,1,1
ARADOO,2,Fe,6,0.0,1.0,1.0,1.0,0,2,1,1,1
ARAPAK,2,Mn,6,0.0,0.0,1.0,1.0,0,2,2,1,1
AREZUU,2,Fe,4,0.0,0.0,0.0,1.0,0,2,2,2,1
ARIBAG,2,Fe,4,1.0,1.0,1.0,1.0,0,1,1,1,1
AROCAL,2,Zn,6,0.0,0.0,0.0,1.0,1,2,2,2,1
AROSUV,2,Au,2,1.0,1.0,1.0,1.0,0,1,1,1,1
ASALNI,2,Ni,4,0.0,1.0,1.0,1.0,0,2,1,1,1
ASAMIR,2,Cu,5,0.0,0.0,1.0,1.0,1,2,2,1,1
ASAWOH,2,Co,6,0.0,0.0,0.0,0.0,1,2,2,2,2
ASERAU,2,Cu,4,0.0,1.0,1.0,1.0,0,2,1,1,1
ASOCOC,2,Zn,4,0.0,1.0,1.0,1.0,0,2,1,1,1
ASOVOT,2,Mn,6,0.0,1.0,1.0,1.0,0,2,1,1,1
ATAFEG,2,Zn,6,0.0,1.0,1.0,1.0,0,2,1,1,1
ATAVEY,2,Fe,6,0.0,0.0,1.0,1.0,1,2,2,1,1
ATEVAW,2,Cu,4,0.0,0.0,0.0,1.0,0,2,2,2,1
ATIJIW,2,Ru,5,0.0,1.0,1.0,1.0,2,2,1,1,1
ATILUM,2,Cu,5,1.0,1.0,1.0,1.0,0,1,1,1,1
ATODIW,2,Ag,3,0.0,1.0,1.0,1.0,0,2,1,1,1
ATORIM,2,V,6,0.0,0.0,1.0,1.0,0,2,2,1,1
ATORIN,2,Cu,6,0.0,1.0,1.0,1.0,0,2,1,1,1
ATOZUG,2,Fe,6,0.0,0.0,0.0,0.0,0,2,2,2,2
ATUBOI,2,Fe,6,0.0,1.0,0.0,0.0,0,2,1,2,2
AVAMEQ,2,Pd,4,0.0,1.0,1.0,1.0,0,2,1,1,1
AVEVON,2,Pt,4,1.0,1.0,1.0,1.0,0,1,1,1,1
AVUJEG,2,Cu,6,0.0,1.0,1.0,1.0,0,2,1,1,1
AVUNOU,2,Ni,6,0.0,1.0,1.0,1.0,0,2,1,1,1
AVUPIQ,2,Cu,6,1.0,1.0,1.0,1.0,0,1,1,1,1
AVUTOC,2,Cu,4,0.0,0.0,1.0,1.0,0,2,2,1,1
AVUWET,2,Co,6,0.0,1.0,0.0,0.0,0,2,1,2,2
AWIGOC,2,Pd,4,0.0,0.0,0.0,0.0,0,2,2,2,2
AWODUL,2,Co,4,0.0,1.0,1.0,1.0,0,2,1,1,1
AWOKUS,2,Cu,6,1.0,1.0,1.0,1.0,0,1,1,1,1
AWONUW,2,Zn,4,0.0,1.0,1.0,1.0,0,2,1,1,1
AWOPAD,2,Cd,6,1.0,1.0,1.0,1.0,0,1,1,1,1
AWOSUB,2,Ni,4,0.0,1.0,1.0,1.0,0,2,1,1,1
AWUFAA,2,Cu,4,0.0,1.0,1.0,1.0,0,2,1,1,1
AWUJIO,2,Mn,4,1.0,1.0,1.0,1.0,0,1,1,1,1
AWUKEK,2,Fe,6,0.0,0.0,1.0,1.0,0,2,2,1,1
AWUTAN,2,Ni,4,0.0,0.0,0.0,0.0,0,2,2,2,2
AXALIU,2,Ni,6,0.0,0.0,0.0,0.0,0,2,2,2,2
AXEDAK,2,Zn,4,1.0,1.0,1.0,1.0,0,1,1,1,1
AXILUO,2,Zn,6,0.0,0.0,0.0,1.0,1,2,2,2,1
AXIPOM,2,Cu,5,0.0,1.0,1.0,1.0,0,2,1,1,1
AXOMAD,2,Ir,6,0.0,0.0,1.0,1.0,1,2,2,1,1
AXUSUI,2,Cu,4,0.0,0.0,0.0,1.0,1,2,2,2,1
AYADEJ,2,Mn,6,0.0,1.0,1.0,1.0,0,2,1,1,1
AYAMEU,2,Cu,6,0.0,1.0,1.0,1.0,0,2,1,1,1
AYAMUI,2,Pt,4,0.0,0.0,0.0,1.0,0,2,2,2,1
AYASAX,2,Cu,2,1.0,1.0,1.0,1.0,0,1,1,1,1
AYEPIG,2,Mn,4,0.0,1.0,1.0,1.0,0,2,1,1,1
AYIJAW,2,Mn,6,0.0,0.0,1.0,1.0,0,2,2,1,1
AYIQOP,2,Pd,4,0.0,1.0,1.0,1.0,0,2,1,1,1
AYISEH,2,Zn,5,0.0,1.0,1.0,1.0,0,2,1,1,1
AYODAV,2,Mn,6,0.0,1.0,1.0,1.0,0,2,1,1,1
AYOLOQ,2,Cu,5,0.0,1.0,1.0,1.0,0,2,1,1,1
AZCDCO,2,Co,6,0.0,1.0,0.0,0.0,0,2,1,2,2
AZELOH,2,Cu,4,0.0,1.0,1.0,1.0,0,2,1,1,1
AZOTUG,2,Pd,4,1.0,1.0,1.0,1.0,0,1,1,1,1
AZOXOC,2,Re,6,0.0,0.0,0.0,1.0,1,2,2,2,1
BABMIE,2,Nb,6,0.0,0.0,1.0,1.0,0,2,2,1,1
BACGEV,2,Nb,5,1.0,1.0,1.0,1.0,0,1,1,1,1
BACHIX,2,Cu,4,0.0,1.0,1.0,1.0,0,2,1,1,1
BACJAR,2,Cu,4,0.0,0.0,1.0,1.0,1,2,2,1,1
BADXAH,2,Ru,6,0.0,0.0,1.0,1.0,1,2,2,1,1
BAGDUI,2,Co,6,0.0,1.0,1.0,1.0,0,2,1,1,1
BAGSUX,2,Co,6,0.0,1.0,0.0,0.0,0,2,1,2,2
BAHQIM,2,Cu,4,0.0,1.0,1.0,1.0,0,2,1,1,1
BAHQOS,2,Cu,4,0.0,1.0,1.0,1.0,0,2,1,1,1
BAJXAM,2,Ni,6,0.0,1.0,1.0,1.0,0,2,1,1,1
BAJZAO,2,Cu,4,0.0,0.0,0.0,1.0,0,2,2,2,1
BAKGUR,2,Fe,6,0.0,0.0,0.0,1.0,0,2,2,2,1
BAMNIP,2,Cu,4,1.0,1.0,1.0,1.0,0,1,1,1,1
BAMPEL,2,Co,6,0.0,0.0,1.0,1.0,1,2,2,1,1
BAMVUJ,2,Au,3,1.0,1.0,1.0,1.0,0,1,1,1,1
BAPPUD,2,Cu,4;5,0.0,0.0,0.0,1.0,1,2,2,2,1
BAQDEC,2,Ni,6,0.0,0.0,1.0,1.0,0,2,2,1,1
BAQNOW,2,Re,6,0.0,0.0,1.0,1.0,2,2,2,1,1
BARHUX,2,Ni,6,0.0,0.0,1.0,1.0,0,2,2,1,1
BASGUX,2,Pd,4,0.0,1.0,1.0,1.0,0,2,1,1,1
BASHEI,2,Cu,5,0.0,0.0,1.0,1.0,1,2,2,1,1
BASHIM,2,Cu,5,0.0,0.0,0.0,1.0,1,2,2,2,1
BASRUL,2,Zn,5,0.0,1.0,1.0,1.0,0,2,1,1,1
BAWNAO,2,Cu,3,0.0,0.0,0.0,0.0,0,2,2,2,2
BAXQIC,2,Cu,6,0.0,0.0,0.0,1.0,0,2,2,2,1
BAYZIK,2,Cu,4;6,1.0,1.0,1.0,1.0,0,1,1,1,1
BAZKUI,2,Pt,4,0.0,1.0,1.0,1.0,0,2,1,1,1
BCDPDQ,2,Pd,4,1.0,1.0,1.0,1.0,0,1,1,1,1
BEBWOW,2,V,5,0.0,0.0,0.0,1.0,2,2,2,2,1
BEGBIY,2,Co,3,0.0,0.0,0.0,0.0,0,2,2,2,2
BEGMUV,2,Mo,6,0.0,0.0,1.0,1.0,0,2,2,1,1
BEGNAF,2,Pd,4,1.0,1.0,1.0,1.0,0,1,1,1,1
BEHHUT,2,Fe,6,0.0,0.0,1.0,1.0,1,2,2,1,1
BEHKOQ,2,Ni,6,0.0,1.0,1.0,1.0,0,2,1,1,1
BEHNIM,2,Zn,4,0.0,0.0,1.0,1.0,0,2,2,1,1
BEHNUZ,2,V,6,0.0,0.0,1.0,1.0,0,2,2,1,1
BEHXIV,2,Cu,4,1.0,1.0,1.0,1.0,0,1,1,1,1
BEJLEH,2,Hg,4,0.0,0.0,1.0,1.0,0,2,2,1,1
BEJQUG,2,Fe,6,0.0,0.0,0.0,0.0,0,2,2,2,2
BEKKEH,2,Cr,6,1.0,1.0,1.0,1.0,2,1,1,1,1
BEKNEK,2,Mo,6,0.0,0.0,0.0,1.0,1,2,2,2,1
BELGAB,2,Zn,4,0.0,1.0,1.0,1.0,0,2,1,1,1
BELJEH,2,Ir,2,0.0,1.0,1.0,1.0,0,2,1,1,1
BELPIV,2,Fe,6,0.0,0.0,1.0,1.0,0,2,2,1,1
BELVIB,2,Zn,4,0.0,1.0,1.0,1.0,0,2,1,1,1
BELVOH,2,Zn,4,0.0,1.0,1.0,1.0,0,2,1,1,1
BENCUT,2,Zn,4,0.0,1.0,1.0,1.0,0,2,1,1,1
BENDOO,2,Cd,5;6,0.0,0.0,0.0,0.0,0,2,2,2,2
BENGAE,2,Cu,4,0.0,1.0,1.0,1.0,0,2,1,1,1
BENJEJ,2,Hg,4,0.0,1.0,1.0,1.0,0,2,1,1,1
BENYIC,2,Cu,6,1.0,1.0,1.0,1.0,0,1,1,1,1
BEPROE,2,Rh,4,0.0,0.0,0.0,1.0,0,2,2,2,1
BEPSAQ,2,Zn,6,0.0,1.0,1.0,1.0,0,2,1,1,1
BEQBAA,2,Pt,4,0.0,1.0,1.0,1.0,0,2,1,1,1
BEQLAK,2,Cu,4,0.0,1.0,1.0,1.0,0,2,1,1,1
BESTUP,2,Ni,4,0.0,0.0,0.0,0.0,0,2,2,2,2
BETNIX,2,Mn,6,1.0,1.0,1.0,1.0,0,1,1,1,1
BEVCIQ,2,Hg,4,0.0,1.0,1.0,1.0,0,2,1,1,1
BEVJAR,2,Ni,4,0.0,1.0,1.0,1.0,2,2,1,1,1
BEVLUK,2,Cu,3,0.0,1.0,1.0,1.0,0,2,1,1,1
BEVPAU,2,Co,6,0.0,0.0,1.0,1.0,1,2,2,1,1
BEWGOC,2,Co,4,0.0,1.0,1.0,1.0,0,2,1,1,1
BEWGUI,2,Co,4,0.0,1.0,1.0,1.0,0,2,1,1,1
BEXXOT,2,Fe,6,0.0,1.0,1.0,1.0,0,2,1,1,1
BEYDAO,2,Ni,4,0.0,0.0,1.0,1.0,0,2,2,1,1
BEYMUP,2,Au,2,1.0,1.0,1.0,1.0,0,1,1,1,1
BEZDIV,2,Ni,6,0.0,0.0,0.0,1.0,0,2,2,2,1
BEZRED,2,Pt,4,1.0,1.0,1.0,1.0,0,1,1,1,1
BHTPCU,2,Cu,2,1.0,1.0,1.0,1.0,0,1,1,1,1
BIBYOB,2,Hg,2,0.0,1.0,1.0,1.0,0,2,1,1,1
BICLIJ,2,Mn,6,1.0,1.0,1.0,1.0,0,1,1,1,1
BIDHOP,2,Ir,3,0.0,0.0,0.0,1.0,0,2,2,2,1
BIGNOU,2,Co,6,0.0,1.0,1.0,1.0,0,2,1,1,1
BIMDOQ,2,Mo,6,0.0,1.0,1.0,1.0,0,2,1,1,1
BINRUL,2,Cu,6,0.0,1.0,1.0,1.0,0,2,1,1,1
BINXAB,2,Re,6,0.0,1.0,1.0,1.0,2,2,1,1,1
BINZUW,2,Fe,6,0.0,0.0,0.0,0.0,0,2,2,2,2
BIPKAN,2,Cd,4,0.0,0.0,1.0,1.0,0,2,2,1,1
BIPNAP,2,Cu,4,0.0,0.0,0.0,1.0,1,2,2,2,1
BIRBEJ,2,Mo,6,1.0,1.0,1.0,1.0,0,1,1,1,1
BISWUV,2,Cu,5,0.0,1.0,1.0,1.0,0,2,1,1,1
BITCUG,2,Ni,4,0.0,0.0,0.0,1.0,0,2,2,2,1
BITFET,2,Fe,3,1.0,1.0,1.0,1.0,0,1,1,1,1
BIVWUY,2,Ni,6,0.0,1.0,1.0,1.0,0,2,1,1,1
BIZBIW,2,Zn,4,0.0,1.0,1.0,1.0,0,2,1,1,1
BNZSCU,2,Cu,4,0.0,1.0,1.0,1.0,0,2,1,1,1
BOCPEP,2,Pd,4,0.0,0.0,1.0,1.0,0,2,2,1,1
BODRER,2,Ti,6,0.0,0.0,1.0,1.0,1,2,2,1,1
BOFNOC,2,Ni,4,1.0,1.0,1.0,1.0,0,1,1,1,1
BOFVIB,2,Pt,4,0.0,1.0,1.0,1.0,0,2,1,1,1
BOJLUI,2,Fe,6,0.0,0.0,0.0,0.0,0,2,2,2,2
BOJMAP,2,Fe,6,0.0,0.0,1.0,1.0,0,2,2,1,1
BOJMET,2,Fe,6,1.0,1.0,1.0,1.0,0,1,1,1,1
BOJWUT,2,Cd,4,0.0,1.0,1.0,1.0,0,2,1,1,1
BOKPOI,2,V,5,0.0,0.0,0.0,1.0,0,2,2,2,1
BOKPUO,2,V,5,0.0,0.0,1.0,1.0,1,2,2,1,1
BOLCIO,2,Mo,6,0.0,0.0,0.0,0.0,0,2,2,2,2
BOLMOG,2,Cu,4,0.0,1.0,1.0,1.0,0,2,1,1,1
BOLNEV,2,Ni,4,0.0,1.0,1.0,1.0,0,2,1,1,1
BOMHIW,2,Cd,6,1.0,1.0,1.0,1.0,2,1,1,1,1
BOMXEG,2,Cu,4,0.0,0.0,0.0,1.0,1,2,2,2,1
BONGOB,2,Fe,6,0.0,1.0,1.0,1.0,0,2,1,1,1
BONGUH,2,Fe,6,0.0,1.0,1.0,1.0,0,2,1,1,1
BONWEG,2,Fe,5,0.0,1.0,1.0,1.0,0,2,1,1,1
BONWOR,2,Co,6,0.0,1.0,0.0,0.0,0,2,1,2,2
BONZAG,2,Cu,4,0.0,1.0,1.0,1.0,0,2,1,1,1
BOPLOH,2,Au,2,1.0,1.0,1.0,1.0,0,1,1,1,1
BORFET,2,Cr,6,0.0,0.0,1.0,1.0,1,2,2,1,1
BOSJAX,2,Pt,4,0.0,1.0,1.0,1.0,0,2,1,1,1
BOSJIF,2,Pd,4,0.0,1.0,1.0,1.0,0,2,1,1,1
BOVLED,2,Pt,6,1.0,1.0,1.0,1.0,0,1,1,1,1
BOVNOQ,2,Zn,6,0.0,0.0,1.0,1.0,0,2,2,1,1
BOWVIU,2,Cu,5,1.0,1.0,1.0,1.0,0,1,1,1,1
BOWVOA,2,Zn,5,1.0,1.0,1.0,1.0,0,1,1,1,1
BOWWAN,2,Mo,6,0.0,0.0,0.0,0.0,0,2,2,2,2
BOYPEM,2,Ir,6,0.0,0.0,0.0,1.0,0,2,2,2,1
BOYQAH,2,Cd,6,0.0,0.0,1.0,1.0,0,2,2,1,1
BOZJEH,2,Ni,6,0.0,0.0,0.0,1.0,1,2,2,2,1
BPACUA,2,Cu,4,1.0,1.0,1.0,1.0,0,1,1,1,1
BPNCUB,2,Zn,6,1.0,1.0,1.0,1.0,0,1,1,1,1
BPYCUA,2,Cu,5,0.0,1.0,1.0,1.0,0,2,1,1,1
BRURMN,2,Mn,5,1.0,1.0,1.0,1.0,2,1,1,1,1
BTSAPD,2,Pd,4,0.0,1.0,1.0,1.0,0,2,1,1,1
BUBBEH,2,Ni,4,0.0,0.0,0.0,1.0,0,2,2,2,1
BUBYEF,2,Fe,5,1.0,1.0,1.0,1.0,0,1,1,1,1
BUBYOP,2,Fe,5,0.0,0.0,1.0,1.0,0,2,2,1,1
BUDCAF,2,Zn,4,0.0,0.0,1.0,1.0,0,2,2,1,1
BUDHEN,2,Ni,5,1.0,1.0,1.0,1.0,2,1,1,1,1
BUFVUX,2,Mn,6,0.0,0.0,1.0,1.0,0,2,2,1,1
BUFWEI,2,Mn,6,0.0,0.0,1.0,1.0,1,2,2,1,1
BUGREC,2,La,6,0.0,0.0,1.0,1.0,0,2,2,1,1
BUJDUF,2,Pt,4,0.0,1.0,1.0,1.0,0,2,1,1,1
BUJSOP,2,Cu,4,0.0,1.0,1.0,1.0,0,2,1,1,1
BUJWOS,2,Fe,4,0.0,0.0,0.0,1.0,0,2,2,2,1
BUJXOU,2,Cr,4,0.0,1.0,1.0,1.0,0,2,1,1,1
BUKKUQ,2,Os,4,0.0,1.0,1.0,1.0,0,2,1,1,1
BULTAE,2,Zn,4,0.0,1.0,1.0,1.0,0,2,1,1,1
BUNKAW,2,Ta,5,1.0,1.0,1.0,1.0,0,1,1,1,1
BUNSAF,2,Fe,6,0.0,0.0,1.0,1.0,0,2,2,1,1
BUPMIL,2,Fe,6,1.0,1.0,1.0,1.0,0,1,1,1,1
BURBUL,2,Ni,4,0.0,1.0,1.0,1.0,0,2,1,1,1
BURCAS,2,Ni,4,1.0,1.0,1.0,1.0,0,1,1,1,1
BURCEW,2,Ni,4,1.0,1.0,1.0,1.0,0,1,1,1,1
BURCIA,2,Ni,4,0.0,0.0,0.0,0.0,0,2,2,2,2
BUTMAF,2,Cu,4,1.0,1.0,1.0,1.0,0,1,1,1,1
BUWWEV,2,Co,6,0.0,0.0,0.0,0.0,0,2,2,2,2
BUWXOK,2,Zn,4,0.0,1.0,1.0,1.0,0,2,1,1,1
BUXJEJ,2,Ni,6,0.0,1.0,1.0,1.0,0,2,1,1,1
BUXZUQ,2,Zn,6,0.0,1.0,1.0,1.0,2,2,1,1,1
BUYCAZ,2,Mo,6,0.0,0.0,1.0,1.0,1,2,2,1,1
BUYKIP,2,Rh,5,1.0,1.0,1.0,1.0,2,1,1,1,1
BUYVUO,2,Pt,2,1.0,1.0,1.0,1.0,0,1,1,1,1
BUZNOB,2,Ag,2,1.0,1.0,1.0,1.0,0,1,1,1,1
BZQXPD,2,Pd,4,0.0,0.0,0.0,0.0,0,2,2,2,2
CABDEO,2,Zn,6,0.0,1.0,1.0,1.0,0,2,1,1,1
CABMUP,2,Cu,4,0.0,1.0,1.0,1.0,2,2,1,1,1
CABNIF,2,Cu,4,0.0,1.0,1.0,1.0,0,2,1,1,1
CABNUQ,2,Cd,4,0.0,1.0,1.0,1.0,0,2,1,1,1
CABSII,2,Ni,6,0.0,0.0,0.0,1.0,0,2,2,2,1
CACJEV,2,Ta,6,1.0,1.0,1.0,1.0,0,1,1,1,1
CAFNIG,2,Fe,6,0.0,1.0,1.0,1.0,0,2,1,1,1
CAGHUO,2,Ni,6,0.0,1.0,1.0,1.0,0,2,1,1,1
CAGSAE,2,V,6,0.0,0.0,0.0,1.0,1,2,2,2,1
CAJCEV,2,Os,6,1.0,1.0,1.0,1.0,0,1,1,1,1
CAJZOC,2,Ru,5,1.0,1.0,1.0,1.0,0,1,1,1,1
CAJZUI,2,Os,4,1.0,1.0,1.0,1.0,0,1,1,1,1
CAKDAV,2,Fe,6,0.0,0.0,1.0,1.0,0,2,2,1,1
CAKMAC,2,V,5,0.0,0.0,0.0,0.0,2,2,2,2,2
CALMUA,2,Co,2,1.0,1.0,1.0,1.0,0,1,1,1,1
CAMQAL,2,Cu,4,0.0,1.0,1.0,1.0,0,2,1,1,1
CAMVER,2,Cr,6,0.0,1.0,1.0,1.0,0,2,1,1,1
CAMVIV,2,Cr,4,1.0,1.0,1.0,1.0,0,1,1,1,1
CANDIH,2,Ru,5,0.0,0.0,0.0,1.0,0,2,2,2,1
CANYAS,2,Co,6,0.0,1.0,1.0,1.0,0,2,1,1,1
CAPDOM,2,Ni,6,0.0,0.0,0.0,0.0,0,2,2,2,2
CAPRAP,2,Zn,4,1.0,1.0,1.0,1.0,0,1,1,1,1
CAPWEY,2,Cu,4,0.0,1.0,1.0,1.0,0,2,1,1,1
CAQLEP,2,Co,4,1.0,1.0,1.0,1.0,0,1,1,1,1
CAQLIT,2,Co,3,0.0,1.0,1.0,1.0,0,2,1,1,1
CAQSAR,2,Pt,4,0.0,0.0,0.0,1.0,0,2,2,2,1
CARQUH,2,Fe,6,0.0,1.0,1.0,1.0,0,2,1,1,1
CARWAT,2,Ni,6,1.0,1.0,1.0,1.0,0,1,1,1,1
CASHEK,2,Ag,4;5,0.0,0.0,0.0,0.0,1,2,2,2,2
CASYAX,2,Re,6,0.0,0.0,1.0,1.0,0,2,2,1,1
CATJIR,2,Ni,4,1.0,1.0,1.0,1.0,0,1,1,1,1
CATKOX,2,Zn,6,1.0,1.0,1.0,1.0,0,1,1,1,1
CATMUF,2,Cu,4,0.0,1.0,1.0,1.0,0,2,1,1,1
CAWKUI,2,V,5,0.0,0.0,1.0,1.0,0,2,2,1,1
CAWZUV,2,Rh,4,0.0,0.0,0.0,1.0,0,2,2,2,1
CAXSUQ,2,Re,6,0.0,0.0,1.0,1.0,1,2,2,1,1
CAXXUY,2,Ni,4,0.0,0.0,1.0,1.0,2,2,2,1,1
CAYBAG,2,Pd,4,0.0,1.0,1.0,1.0,0,2,1,1,1
CCAPGC,2,Pt,4,0.0,1.0,1.0,1.0,0,2,1,1,1
CCULUT,2,Cu,4,0.0,1.0,1.0,1.0,0,2,1,1,1
CCXZPR,2,Rh,4,1.0,1.0,1.0,1.0,0,1,1,1,1
CDMPRH,2,Rh,4,1.0,1.0,1.0,1.0,0,1,1,1,1
CEBDIW,2,Co,6,0.0,1.0,1.0,1.0,0,2,1,1,1
CEBGIC,2,Ni,4,0.0,1.0,1.0,1.0,0,2,1,1,1
CEBHIB,2,Zn,4,1.0,1.0,1.0,1.0,0,1,1,1,1
CEBZIT,2,Mo,6,1.0,1.0,1.0,1.0,0,1,1,1,1
CEFBEU,2,Cu,4,1.0,1.0,1.0,1.0,0,1,1,1,1
CEFCEV,2,Cu,4,1.0,1.0,1.0,1.0,0,1,1,1,1
CEFJUU,2,V,6,0.0,0.0,0.0,1.0,0,2,2,2,1
CEGMUW,2,Hg,4,0.0,1.0,1.0,1.0,0,2,1,1,1
CEHGOM,2,Ir,6,0.0,0.0,0.0,1.0,1,2,2,2,1
CEHQAH,2,Pt,4,0.0,0.0,0.0,1.0,0,2,2,2,1
CEHZOI,2,Fe,6,0.0,0.0,1.0,1.0,1,2,2,1,1
CEKFED,2,Pt,4,0.0,1.0,1.0,1.0,0,2,1,1,1
CEKZOL,2,Ni,6,1.0,1.0,1.0,1.0,2,1,1,1,1
CEMXIF,2,Mn,4,0.0,1.0,1.0,1.0,0,2,1,1,1
CENFAC,2,Cu,3,0.0,1.0,1.0,1.0,0,2,1,1,1
CEPLOZ,2,Zn,6,0.0,1.0,1.0,1.0,0,2,1,1,1
CEPQAP,2,Ru,5,0.0,0.0,1.0,1.0,1,2,2,1,1
CEPQUJ,2,Cu,5,0.0,0.0,0.0,1.0,0,2,2,2,1
CEQSAU,2,Fe,4,0.0,1.0,1.0,1.0,0,2,1,1,1
CERDEJ,2,Fe,6,1.0,1.0,1.0,1.0,0,1,1,1,1
CERFIP,2,Zn,6,1.0,1.0,1.0,1.0,0,1,1,1,1
CESBIM,2,Cu,4,0.0,1.0,1.0,1.0,0,2,1,1,1
CESGAI,2,Ni,4,1.0,1.0,1.0,1.0,0,1,1,1,1
CETTAZ,2,Au,2,1.0,1.0,1.0,1.0,0,1,1,1,1
CEVLOF,2,Pd,4,0.0,1.0,1.0,1.0,0,2,1,1,1
CEVWUY,2,Cu,6,1.0,1.0,1.0,1.0,0,1,1,1,1
CEVXOT,2,Fe,6,0.0,0.0,0.0,0.0,0,2,2,2,2
CEWTUT,2,Co,6,0.0,1.0,1.0,1.0,0,2,1,1,1
CEYFIX,2,Zn,6,0.0,0.0,0.0,0.0,1,2,2,2,2
CEYYOV,2,Co,6,1.0,1.0,1.0,1.0,0,1,1,1,1
CEZHIY,2,Pd,4,0.0,1.0,1.0,1.0,0,2,1,1,1
CEZMID,2,Co,6,0.0,0.0,0.0,0.0,0,2,2,2,2
CEZXAG,2,Ru,6,0.0,0.0,1.0,1.0,0,2,2,1,1
CHXNRH,2,Rh,6,0.0,1.0,1.0,1.0,0,2,1,1,1
CIBBEV,2,Ti,4,1.0,1.0,1.0,1.0,0,1,1,1,1
CIBJED,2,Ti,6,0.0,0.0,1.0,1.0,0,2,2,1,1
CICSIQ,2,Pd,4,0.0,0.0,0.0,1.0,0,2,2,2,1
CICXAP,2,Ni,4,0.0,1.0,1.0,1.0,0,2,1,1,1
CIDTOA,2,Ni,4,0.0,1.0,1.0,1.0,0,2,1,1,1
CIFXEU,2,V,6,0.0,1.0,1.0,1.0,0,2,1,1,1
CIGWAR,2,Ni,4,1.0,1.0,1.0,1.0,0,1,1,1,1
CIJCII,2,Cu,4,0.0,1.0,1.0,1.0,0,2,1,1,1
CIJDAA,2,V,5;6,0.0,0.0,1.0,1.0,0,2,2,1,1
CIJDUU,2,Pd,4,1.0,1.0,1.0,1.0,0,1,1,1,1
CIJPER,2,Hg,2,1.0,1.0,1.0,1.0,0,1,1,1,1
CILDAE,2,Ni,4,0.0,1.0,1.0,1.0,0,2,1,1,1
CIQPIB,2,Rh,6,0.0,0.0,0.0,1.0,0,2,2,2,1
CIRZUZ,2,Cu,2,1.0,1.0,1.0,1.0,0,1,1,1,1
CIVHOG,2,Ru,6,0.0,1.0,1.0,1.0,0,2,1,1,1
CIVRAC,2,Ni,6,1.0,1.0,1.0,1.0,0,1,1,1,1
CIWDOF,2,Co,6,1.0,1.0,1.0,1.0,0,1,1,1,1
CIXQOP,2,Pd,4,0.0,1.0,1.0,1.0,0,2,1,1,1
CIXZAM,2,Ni,4,0.0,1.0,1.0,1.0,2,2,1,1,1
CIYKOM,2,Ir,6,0.0,1.0,1.0,1.0,0,2,1,1,1
CIZHIE,2,Pt,4,0.0,1.0,1.0,1.0,0,2,1,1,1
CLAECU,2,Cu,4,1.0,1.0,1.0,1.0,0,1,1,1,1
CLOXPD,2,Pd,4,1.0,1.0,1.0,1.0,0,1,1,1,1
CLPYPT,2,Pt,4,0.0,1.0,1.0,1.0,0,2,1,1,1
CLSTUZ,2,Zn,4,1.0,1.0,1.0,1.0,0,1,1,1,1
CMPYZN,2,Zn,4,0.0,1.0,1.0,1.0,0,2,1,1,1
CNETPC,2,Mo,6,0.0,0.0,1.0,1.0,0,2,2,1,1
COBTUL,2,Cd,6,0.0,0.0,1.0,1.0,0,2,2,1,1
COCKIP,2,Cu,5,0.0,1.0,1.0,1.0,0,2,1,1,1
COCXAT,2,Pd,4,0.0,0.0,0.0,0.0,1,2,2,2,2
CODRIX,2,Zn,4,0.0,1.0,1.0,1.0,0,2,1,1,1
COETDS,2,Co,6,0.0,0.0,0.0,1.0,1,2,2,2,1
COEXAN,2,Co,6,0.0,0.0,0.0,0.0,0,2,2,2,2
COFWOJ,2,Ni,4;5,1.0,1.0,1.0,1.0,0,1,1,1,1
COFWUP,2,Ni,4,0.0,1.0,1.0,1.0,0,2,1,1,1
COFZIK,2,Mn,6,0.0,0.0,1.0,1.0,0,2,2,1,1
COFZOQ,2,Mn,6,0.0,0.0,1.0,1.0,0,2,2,1,1
COGBAF,2,Mn,6,0.0,0.0,1.0,1.0,0,2,2,1,1
COGHUD,2,Cu,4,1.0,1.0,1.0,1.0,0,1,1,1,1
COHDPH,2,Co,6,0.0,1.0,1.0,1.0,0,2,1,1,1
COHJES,2,Fe,6,0.0,0.0,0.0,0.0,0,2,2,2,2
COJKIX,2,Ru,6,0.0,0.0,1.0,1.0,0,2,2,1,1
COKDOV,2,Ni,4,0.0,0.0,0.0,0.0,0,2,2,2,2
COKTEB,2,Ru,2,0.0,1.0,1.0,1.0,0,2,1,1,1
COLCAI,2,Zn,6,0.0,0.0,0.0,0.0,0,2,2,2,2
COLNUM,2,V,6,0.0,1.0,1.0,1.0,0,2,1,1,1
COLTON,2,Cu,4,0.0,1.0,1.0,1.0,0,2,1,1,1
COLWOQ,2,Ti,6,0.0,0.0,1.0,1.0,1,2,2,1,1
COLYIM,2,Zn,4,0.0,1.0,1.0,1.0,0,2,1,1,1
COMGOC,2,Ni,4,0.0,1.0,1.0,1.0,0,2,1,1,1
COMKUL,2,Fe,6,0.0,0.0,0.0,1.0,2,2,2,2,1
COMQUR,2,Fe,6,0.0,0.0,0.0,0.0,0,2,2,2,2
CONAEN,2,Co,6,0.0,0.0,1.0,1.0,0,2,2,1,1
COPDEN,2,Cu,6,0.0,0.0,0.0,0.0,0,2,2,2,2
COPLIC,2,Co,4,0.0,1.0,1.0,1.0,0,2,1,1,1
COQVIP,2,Zn,4,0.0,1.0,1.0,1.0,0,2,1,1,1
CORQAC,2,Zn,4,1.0,1.0,1.0,1.0,0,1,1,1,1
COSALP,2,Co,4,0.0,0.0,1.0,1.0,1,2,2,1,1
COSPEF,2,Fe,4,0.0,1.0,1.0,1.0,0,2,1,1,1
COSXIR,2,Pd,4,0.0,1.0,1.0,1.0,0,2,1,1,1
COTMOQ,2,Ni,6,0.0,0.0,0.0,0.0,0,2,2,2,2
COVDOG,2,Ru,4,0.0,1.0,1.0,1.0,0,2,1,1,1
COVTEN,2,Zn,4;5,0.0,0.0,1.0,1.0,2,2,2,1,1
COWKOO,2,Pt,4,1.0,1.0,1.0,1.0,0,1,1,1,1
COXVER,2,Ni,4,0.0,1.0,1.0,1.0,0,2,1,1,1
COXVOA,2,W,4,1.0,1.0,1.0,1.0,0,1,1,1,1
COYNOT,2,Cu,4,0.0,1.0,1.0,1.0,0,2,1,1,1
COZVES,2,Cu,4,0.0,0.0,0.0,0.0,0,2,2,2,2
CPMXNI,2,Ni,4,0.0,0.0,1.0,1.0,1,2,2,1,1
CTPYCO,2,Co,5,0.0,0.0,1.0,1.0,0,2,2,1,1
CTURCD,2,Cd,4,0.0,1.0,1.0,1.0,0,2,1,1,1
CUAEPP,2,Cu,4,1.0,1.0,1.0,1.0,0,1,1,1,1
CUAPRO,2,Cu,4;6,0.0,0.0,0.0,0.0,0,2,2,2,2
CUCKOB,2,Pd,4,0.0,1.0,1.0,1.0,0,2,1,1,1
CUCNEW,2,Au,2,1.0,1.0,1.0,1.0,0,1,1,1,1
CUCPUO,2,Ag,2,1.0,1.0,1.0,1.0,0,1,1,1,1
CUCWUS,2,V,6,0.0,0.0,0.0,1.0,2,2,2,2,1
CUDDEM,2,Co,5,0.0,0.0,1.0,1.0,1,2,2,1,1
CUFBUD,2,Zn,4,0.0,1.0,1.0,1.0,0,2,1,1,1
CUGLYM,2,Cu,5,1.0,1.0,1.0,1.0,0,1,1,1,1
CUGNEY,2,Pd,4,1.0,1.0,1.0,1.0,0,1,1,1,1
CUHQCB,2,Cu,4,1.0,1.0,1.0,1.0,0,1,1,1,1
CUJNOK,2,Cu,4,1.0,1.0,1.0,1.0,0,1,1,1,1
CUKFUL,2,Co,5,0.0,0.0,1.0,1.0,1,2,2,1,1
CUMQEK,2,Co,6,0.0,0.0,1.0,1.0,0,2,2,1,1
CUMSAI,2,Ni,6,0.0,1.0,1.0,1.0,0,2,1,1,1
CUMTEJ,2,W,6,0.0,0.0,1.0,1.0,0,2,2,1,1
CUNBAQ,2,Mn,6,0.0,0.0,1.0,1.0,0,2,2,1,1
CUNKIF,2,Co,6,0.0,1.0,1.0,1.0,0,2,1,1,1
CUNYUF,2,Ni,4,1.0,1.0,1.0,1.0,0,1,1,1,1
CUPROP,2,Cu,4,0.0,1.0,1.0,1.0,0,2,1,1,1
CUPYBR,2,Cu,4,1.0,1.0,1.0,1.0,0,1,1,1,1
CUPZAO,2,Cu,4,0.0,1.0,1.0,1.0,0,2,1,1,1
CUQBAR,2,Rh,4,0.0,1.0,1.0,1.0,0,2,1,1,1
CUQFUR,2,Ni,4,0.0,0.0,1.0,1.0,0,2,2,1,1
CUQHUU,2,Ir,5,0.0,1.0,1.0,1.0,0,2,1,1,1
CURTAK,2,W,6,1.0,1.0,1.0,1.0,0,1,1,1,1
CUTROP,2,Cu,4,1.0,1.0,1.0,1.0,0,1,1,1,1
CUXKUD,2,Pt,4,0.0,1.0,1.0,1.0,0,2,1,1,1
CUXLIS,2,Ir,6,0.0,0.0,1.0,1.0,0,2,2,1,1
CUYHIN,2,Zr,6,1.0,1.0,1.0,1.0,0,1,1,1,1
CUYPUK,2,Pd,4,0.0,1.0,1.0,1.0,0,2,1,1,1
CUYXUP,2,Pt,4,1.0,1.0,1.0,1.0,0,1,1,1,1
CXAPCU,2,Cu,4,0.0,0.0,1.0,1.0,0,2,2,1,1
CYPYZN,2,Zn,4,0.0,0.0,1.0,1.0,0,2,2,1,1
DABRUW,2,Cu,6,1.0,1.0,1.0,1.0,0,1,1,1,1
DABZUE,2,V,6,1.0,1.0,1.0,1.0,0,1,1,1,1
DACZOY,2,Mo,6,0.0,0.0,0.0,1.0,1,2,2,2,1
DADFOF,2,Fe,6,0.0,0.0,0.0,0.0,0,2,2,2,2
DADGAS,2,Fe,6,0.0,0.0,1.0,1.0,1,2,2,1,1
DAFKAW,2,Cu,6,0.0,0.0,0.0,0.0,0,2,2,2,2
DAFKUQ,2,Cu,4;5,0.0,0.0,0.0,0.0,0,2,2,2,2
DAFYIT,2,Co,6,0.0,1.0,1.0,1.0,0,2,1,1,1
DAGBIY,2,Pd,4,0.0,1.0,1.0,1.0,0,2,1,1,1
DAGJEA,2,Hf,6,0.0,0.0,0.0,1.0,0,2,2,2,1
DAGLED,2,Ni,4,0.0,1.0,1.0,1.0,0,2,1,1,1
DAGMUT,2,Pd,4,0.0,1.0,1.0,1.0,0,2,1,1,1
DAGMUV,2,Zn,4,0.0,0.0,0.0,0.0,1,2,2,2,2
DAGTAG,2,Cu,6,0.0,0.0,1.0,1.0,0,2,2,1,1
DAHROU,2,Co,6,0.0,1.0,1.0,1.0,0,2,1,1,1
DAHXUF,2,Os,6,0.0,0.0,0.0,0.0,0,2,2,2,2
DAJLUV,2,Os,4,0.0,1.0,1.0,1.0,0,2,1,1,1
DAKHOO,2,Ni,6,1.0,1.0,1.0,1.0,0,1,1,1,1
DAKNOS,2,Pt,4,1.0,1.0,1.0,1.0,0,1,1,1,1
DAKZUK,2,Co,6,0.0,0.0,1.0,1.0,0,2,2,1,1
DALSAL,2,V,6,0.0,0.0,1.0,1.0,1,2,2,1,1
DAPCUN,2,Cu,6,0.0,0.0,1.0,1.0,1,2,2,1,1
DAPMUC,2,Cr,5,0.0,1.0,1.0,1.0,2,2,1,1,1
DAPQAN,2,Zn,6,1.0,1.0,1.0,1.0,0,1,1,1,1
DASGIP,2,Nb,6,0.0,1.0,1.0,1.0,0,2,1,1,1
DASGOV,2,Ta,6,0.0,0.0,0.0,1.0,0,2,2,2,1
DASXAA,2,Fe,6,0.0,0.0,0.0,0.0,0,2,2,2,2
DASXEE,2,Fe,6,1.0,1.0,1.0,1.0,0,1,1,1,1
DAVDOX,2,Mn,6,0.0,0.0,1.0,1.0,0,2,2,1,1
DAWFAM,2,Pt,2,0.0,1.0,1.0,1.0,0,2,1,1,1
DAWGIR,2,Co,6,1.0,1.0,1.0,1.0,0,1,1,1,1
DAXKUM,2,Zn,4,1.0,1.0,1.0,1.0,0,1,1,1,1
DAXMEU,2,Cu,6,0.0,1.0,1.0,1.0,0,2,1,1,1
DAYDIT,2,Co,6,1.0,1.0,1.0,1.0,0,1,1,1,1
DAYFIU,2,Zn,4,0.0,0.0,0.0,1.0,2,2,2,2,1
DAYHAM,2,Cu,4,0.0,1.0,1.0,1.0,0,2,1,1,1
DAYHIW,2,Zn,6,0.0,0.0,0.0,1.0,1,2,2,2,1
DAYKUL,2,Cu,6,0.0,0.0,1.0,1.0,0,2,2,1,1
DAYNEY,2,Cu,6,1.0,1.0,1.0,1.0,0,1,1,1,1
DAYTEC,2,Cu,5,0.0,0.0,0.0,0.0,0,2,2,2,2
DAZNEY,2,Cu,5,0.0,0.0,0.0,1.0,1,2,2,2,1
DAZXIO,2,Cu,4,0.0,1.0,1.0,1.0,0,2,1,1,1
DCAZPD,2,Pd,4,1.0,1.0,1.0,1.0,0,1,1,1,1
DEBDOH,2,Cu,4,0.0,0.0,1.0,1.0,0,2,2,1,1
DEBFOF,2,Pd,4,0.0,0.0,0.0,1.0,0,2,2,2,1
DEBXUD,2,Pt,4,0.0,1.0,1.0,1.0,0,2,1,1,1
DECCUJ,2,Au,2,1.0,1.0,1.0,1.0,0,1,1,1,1
DECDEV,2,Cu,5,0.0,1.0,1.0,1.0,0,2,1,1,1
DECXEP,2,Co,6,0.0,1.0,1.0,1.0,0,2,1,1,1
DEDGIG,2,Mn,4,0.0,1.0,1.0,1.0,0,2,1,1,1
DEFSAJ,2,Cu,4;6,0.0,0.0,0.0,0.0,0,2,2,2,2
DEFWUJ,2,Co,6,0.0,0.0,1.0,1.0,0,2,2,1,1
DEGGIF,2,Mn,4,0.0,1.0,1.0,1.0,0,2,1,1,1
DEGPAG,2,Pt,4,1.0,1.0,1.0,1.0,0,1,1,1,1
DEGVET,2,Mn,6,0.0,1.0,1.0,1.0,0,2,1,1,1
DEHDIE,2,Ag,2,1.0,1.0,1.0,1.0,0,1,1,1,1
DEJBOK,2,Pd,4,0.0,1.0,1.0,1.0,0,2,1,1,1
DEJTAN,2,Rh,4,1.0,1.0,1.0,1.0,0,1,1,1,1
DEKHIK,2,Fe,6,0.0,0.0,0.0,1.0,1,2,2,2,1
DELCON,2,Ni,6,0.0,0.0,0.0,0.0,0,2,2,2,2
DELTIY,2,Zn,5,0.0,0.0,1.0,1.0,1,2,2,1,1
DELYEZ,2,Ni,4,0.0,1.0,1.0,1.0,0,2,1,1,1
DEPBEF,2,Pt,6,0.0,0.0,1.0,1.0,1,2,2,1,1
DEPLAL,2,Cu,4,0.0,0.0,0.0,0.0,0,2,2,2,2
DEPXAX,2,Pd,4,1.0,1.0,1.0,1.0,0,1,1,1,1
DEQPAT,2,Fe,6,0.0,1.0,1.0,1.0,0,2,1,1,1
DERQIA,2,Hg,4,0.0,0.0,1.0,1.0,0,2,2,1,1
DESKAQ,2,Ru,4,0.0,0.0,0.0,0.0,0,2,2,2,2
DEVMIB,2,Zn,6,1.0,1.0,1.0,1.0,0,1,1,1,1
DEWKUL,2,Ni,4,0.0,1.0,1.0,1.0,0,2,1,1,1
DEXPIF,2,Co,4,0.0,1.0,1.0,1.0,0,2,1,1,1
DEXPOL,2,Co,4,0.0,1.0,1.0,1.0,0,2,1,1,1
DEXPOM,2,Cu,5,1.0,1.0,1.0,1.0,0,1,1,1,1
DEYBIU,2,Pd,4,0.0,1.0,1.0,1.0,0,2,1,1,1
DEYDIW,2,Zn,4,0.0,1.0,1.0,1.0,0,2,1,1,1
DEZPEE,2,Cd,6,0.0,0.0,1.0,1.0,0,2,2,1,1
