S_Td,S_SP
0.9385361799537182,16.35924584928288
6.020242861835042,5.19915377826009
2.6334913870908987,5.1789755818757905
1.8258851075519065,8.127886161737841
0.33924974092469257,10.365501399373441
0.33919258382921036,16.771591380670856
0.11967753721736135,14.198285815126551
4.022461728959879,9.723319899165668
1.838164307254529,7.557529300467256
2.4625001234091806,51.812230093255835
0.041598615998277244,9.443534320880273
7.007114950316624,9.802896387396343
3.57285908670935,6.429414339636446
0.477375250497894,17.670533605098466
0.4013579774993267,14.46505790429259
0.4052228456645141,6.995588235625408
0.7255074589209543,5.687784455219029
1.487855661721709,14.127966565897923
1.1310741335606733,13.502360755385144
0.688445985107883,7.553486789389917
1.8927417477995974,29.105235251080874
0.30046905745467734,6.310114265557207
0.6910310240048045,9.529787780027293
0.9125544364416941,28.004547462397237
1.21786937571955,9.3540571415484
3.075872022061824,13.140520141840822
0.4454717242573806,9.054594424073116
1.4440583100662554,7.5640138405350505
1.7950094426195211,38.07016423305419
0.09512769951281709,9.212036606763386
1.8706660412992202,22.962020054785057
0.37392250395483284,7.090446499871124
0.13452786175860848,6.917280651030863
5.947375587013862,5.25303239276444
6.741260684922345,13.436766871007917
3.3046631456257534,8.677592433377612
0.7265757199375166,20.98190447061435
0.20555463000501248,10.127624917622509
2.3055015261973235,32.5846587296064
1.1601816851707967,6.641697426086707
0.2603044679088973,21.237484037839284
1.3670944562683003,16.990218437394383
0.06998744288695817,16.78953635112029
4.800845774786048,19.90346088651671
0.5989155536813722,16.451136900829816
2.1725115971299607,12.87271000338851
0.7470931633152473,6.125551887420659
1.4682217918184572,5.2645353067998855
1.582447595963595,25.291066414514113
0.4087771990158115,12.670461515446242
6.985614265472453,17.738180311453114
2.9844907542762815,10.254866882158357
5.610188838583165,5.998233313392064
4.504303995068393,6.069949992930708
1.82210882476655,14.25583051955769
5.09887075853881,9.501245759393523
0.18531091790623125,6.790397399133089
0.4362693892625349,10.411808107274648
0.09256393137366391,5.530904406347677
0.7870641736061736,11.977643458599605
0.9842605835884372,7.506662372899659
0.6331208864176514,17.778458320255695
3.529115730481868,7.972707177441551
0.8824539990597403,9.8589880735625
0.6596056802684984,5.093508688407447
1.564814166415492,5.601641778453583
0.3037962956412577,8.987139976685738
3.2409671915494624,10.230470790240101
0.15495173762261802,12.330736827935308
8.66829267917464,7.758677720595665
2.958967552483023,14.499072915113487
0.4430788810117719,20.735900035224816
0.01107484075187095,17.107605109580568
3.379793554972252,5.323400131181625
2.4541918147740893,10.239214732016865
2.611325817575998,5.886828406476369
2.950429052087027,7.217050262277746
0.1538585310275927,39.537461241835466
0.887785344832465,6.2298312173844685
0.2463002092088993,10.52740764967206
3.9770591433164455,12.701939479690292
1.9526023834247481,14.697786518861905
0.803637602502602,11.561459392304885
0.13133613160956578,5.078551163076506
0.7449767008207074,8.161678687982882
0.7866284263682627,10.833704748581466
2.6157515679154817,5.735751336832406
2.02977871785204,8.45398312866946
4.3645038248030295,5.270134765644192
1.2781322667526196,5.654701516864698
0.2547447872310038,9.045686828284758
2.498252688633199,6.139108047397291
2.860785506153728,11.706139231344967
1.6477749897716576,14.355668505267472
2.947779933442729,17.899005752886076
1.3616294630205559,6.786650994062778
1.479357677554534,6.466409081080616
1.1156283878168547,5.883590538280606
0.05149554798022746,13.094272917633043
0.22833487038373168,14.806359516092796
0.06386736258610765,5.256765973888257
2.023459101855099,27.01755243559127
0.7547934175901997,5.426963885432064
1.4208743542683802,11.234807104764975
4.762531059691951,14.877120032489913
0.5734776459665967,21.381628419638087
1.0565639497653452,15.01653978297621
2.8174982950771668,17.944926980773808
0.5196103138347881,8.317461993171468
0.16020855710035273,18.491636554783387
0.6842806077741141,5.6680515980653015
0.3516167170001257,23.01640255028173
5.3099001717612495,11.345373463031436
3.301774160969139,18.59918087732415
2.006988381041062,9.816487775480372
4.103039461041626,13.25311201376071
3.255937881481113,10.979182511670157
0.41299095271727815,15.521902679895366
4.461626810471122,5.6812391991116495
1.550199803932344,5.498000250552121
3.2946965826071324,7.270617260319331
4.528485298572463,6.390491892121201
0.7654614328366369,21.432284456019186
0.23318432024770167,6.9796332654444315
0.5173734922787627,34.79282247547275
1.1141153854972288,8.286584994651434
3.40765945327789,6.608296831830823
3.9426899437596665,17.47370478075478
0.013952818363301294,13.60012964273215
1.4297523186771115,10.51636086978747
1.0805466418373426,11.483986392924965
0.502334676551649,15.16095151783173
0.2553607830912936,7.074879565493654
0.8238171597248649,49.869049856381636
5.726242245382299,34.44511982312076
0.7807676057629488,13.406024721060454
1.4629056115203039,6.7805742277511465
2.4281739537617097,14.12118236220295
0.9039489979339247,5.599498974674346
7.135596276583399,5.249056932188956
6.564019729082796,7.383830025111172
0.5801225899844106,9.96844241498751
1.3753185569276944,21.216159401526724
0.7158609201580935,15.391223830543112
0.6704993527621634,15.860303237994575
0.07516895553104506,9.433948635259311
1.8809841419651863,8.396388261515861
1.397039265659277,8.709485204378376
0.10570217476078496,40.152511132132034
0.6532518420207387,5.3274859363514295
4.777721902178681,21.14114393404591
0.5477211042841541,11.9148139308213
0.3130617219709395,9.618792648277276
1.3445442189472725,15.335372539910963
8.48807396523052,10.334674428793711
0.5542896271194524,21.535250730142135
2.2303100205945867,23.477027836962996
2.8677752524789257,9.381589610832197
0.5426663446716116,7.592863256681135
2.6054978569846323,12.178776975527274
0.917045598528608,24.47644751618879
2.0010074954635426,6.892487191600196
2.0076756542752765,12.803371661596604
1.5347704999046976,12.987824001804348
0.1892583176232419,15.567440121014844
3.607289588492594,6.128525037621284
0.7736205873347932,15.065319273016879
0.4128642132151131,24.17802565031396
0.0832595195886904,6.5845164862411565
1.787556809189167,7.169676733497296
2.2637034685346977,33.43341631089209
0.03345389511694124,6.597144438041263
1.4352611690989767,20.41431814205326
0.5136482941099153,10.422567540428393
2.072248683095384,7.271975759954964
0.3832084450782675,21.36804801395879
2.348425055135438,9.714698604479647
0.9779174019622036,10.785838952808945
5.520687635608614,8.560719673422463
0.2958888268785579,12.190570741480627
0.8342648679903435,6.428458380941051
0.24088857007399284,8.968567250907789
5.172380794301447,32.89726433456915
4.196667414321988,7.38868704339205
0.5966547401229778,13.554059076136822
2.157525478087829,8.146593635111417
3.3989681452784426,16.87913352565732
1.6202647213730161,6.122134236881094
1.5085588203878921,33.0048836353952
0.5537540908758063,9.838007377317902
0.19545228094988146,7.154028347981762
4.550246450389046,5.610701780447497
4.6135488552968535,6.488303520836752
2.0053398389657695,10.867986763436651
0.8280930196226478,8.287880638441333
0.8591352316232879,19.12327907297726
2.588930859454236,9.50941752548474
4.5481946982145045,7.287753895806809
4.3622651387932265,12.680791332587741
3.0271243838618065,14.814580855674759
2.05462138713541,6.4621755814867745
0.1757834523921681,6.467722161046085
0.352588429366823,5.298885824075862
4.576461000355011,15.666640966318672
1.864987893931179,13.720500201176792
0.01847921122198882,10.149233357082341
0.21399380287189865,19.8719399254092
2.178324774580482,18.105586569354813
0.010148874103594005,12.042648109087374
0.3506316322083981,21.21608501223202
1.5913956922778634,6.843774802964589
2.3546305733096253,5.949544171122277
2.1108829642704974,7.514942445824864
0.507899734616049,5.470248853839702
2.4908345777970777,11.060112342671552
0.5416475181056118,27.067049643215732
0.7872698178361689,5.321107331275058
2.7447151033315813,6.041871039864934
2.097547628605536,9.814745986415447
3.783912154926802,26.729669231007957
2.143626576339525,8.040204888454296
1.6800886111745148,10.66178003017076
0.19671412289682097,5.339693864008414
0.9168326144140401,6.284573210691351
0.6163202957176623,39.51800867626703
0.5594004073248425,31.846434462559273
7.2246188123258515,5.039617783790621
0.9987749940800476,29.261126389430522
4.452110422497046,13.153676908548007
1.9946687714729663,21.194676535812086
3.1676505053767996,9.851938152736075
1.3968706487775409,10.798688549582169
1.72031180528317,10.36868399607088
1.356586866683387,13.793641896524667
0.434429790650477,6.203339633675657
2.5635236061316076,5.24345584735977
0.6591547367325259,7.944544704110247
0.04923296216137723,14.757586780326715
2.073937572590548,6.803704435492882
0.3898671404496454,13.952947274655832
5.642166294546606,33.02904312183368
6.1551248255760465,5.788851149774295
4.927019769267683,13.93263267123629
0.9245747929947334,9.692302718057388
0.031154630743888766,21.20825297754813
5.2710469146637795,6.55984879246915
1.1178765541061226,14.43751901104283
6.801684032244112,19.566966892781167
6.627470952260411,28.147459099042184
3.834774034358838,14.197089879876977
0.6975521363443206,10.500100900892317
0.9725838641973872,12.695478844407532
3.8094533049561594,21.25466327494329
0.7622924628614342,11.763112736552046
0.37143723259150957,5.246866541871242
1.6274739841204555,26.383244058393384
5.502586941614084,14.357260288089202
2.3816511955158743,14.028780351035913
1.688224672871311,6.943455984144192
0.20445639469864577,13.60429594934471
1.9090614310354355,9.005212519166871
9.221139495692634,13.426809085497892
0.3018411732845283,5.901704550261568
1.4609906499630074,13.579938547726853
4.197217275801589,64.53378327763525
2.70006849670734,5.395303991154406
2.388148850603346,35.23890490049783
2.42457511244898,9.179245459636778
0.8909846846298982,21.368267688126025
0.6951241685341903,17.20024045547434
3.3147490145194247,11.696440847412418
3.3226563981740576,15.729014286821268
4.03590009473583,21.863752807666717
4.889231923673273,9.14200062918962
1.4321864738658074,8.168473798328051
1.3923687551023984,13.811170537378455
3.201899864616975,18.195662743768587
2.0994381497756005,16.4934669505641
2.421101297023034,17.788523811582202
3.1772389499084097,9.575699973935091
4.414646952693534,18.622704851086908
0.8249648142753084,6.024567701228571
0.9418735774551127,11.290685026754264
0.1973920783747211,5.046202444130031
1.7268280532188693,8.139433527545503
0.073208208421714,8.651476501033489
1.2532138963642192,9.03573628150934
1.564589171374252,14.511812016249154
0.675261320629045,8.935482741691253
1.7872650602923505,9.763716684511428
0.06195012420294909,7.169685189855823
0.07612699856557877,8.73768320440541
3.458702739076272,7.062600780264391
0.8931700484154894,5.608104706043098
0.271778082594856,12.399596762547649
1.4773071765580312,13.826091800568552
2.9392958808914704,12.729949841187345
0.4862360068598067,9.98142092013558
1.9504392373129857,8.8215227582392
0.17842205797979457,20.92170177515804
0.10613019182061881,10.856464438412749
1.5158178812510419,10.218835132121995
1.5558208853894844,5.207812431536116
2.0290748964092318,8.33926305128638
2.5899211258333685,8.826810919190441
7.4471140173999855,9.070924113583994
1.4525822384607125,11.943288438922165
0.7800394282119576,11.101736834822951
3.1713079594653726,12.490010866198558
0.6317029308722746,16.58138503029505
1.1559668625466026,18.41256321188132
0.1634103371673398,15.130277950651127
0.05135521908294876,29.902389800033642
6.574759846537204,5.1472067566616
3.615535284230125,6.743039285700103
2.3812854655986833,5.060732948251325
1.0517192889302838,13.341063411262013
0.3806130722842175,23.264656080531815
0.3402414831457083,7.232234754222188
0.5760119782531672,25.94215332978975
1.5935812966266292,5.497279215509765
2.5076985755535515,26.797831384000943
2.158780699393597,8.466259834452307
0.6568245227779919,5.855523691135495
6.196206997112613,10.322260391195293
2.6780348097504527,7.3740685046253756
1.6164609638626626,7.682359940733296
1.8920609440748701,7.937150297290229
1.0880757310641027,17.997464159723386
0.569322584548127,11.197657105106083
0.8800282586462248,7.983685566027621
2.8363636955134264,12.5397180876361
0.028996159441608552,15.074493797184811
0.2467607844799521,7.546493937664368
0.09418875390504106,9.269330671672817
0.08316290383458486,6.039831676171204
3.868406067231317,6.5988285417771095
2.4324812234013766,14.143469541009361
1.2855691888257847,6.601652491869178
0.2059138368956265,10.9582759978568
1.3530359315944664,14.876727995517484
1.2829006641887424,5.904247068163763
0.38038942560044997,11.701910980545176
1.1377982626046477,7.3717676807398735
1.0166732291664138,31.358903774463407
1.913444865826269,10.286146970614457
2.016229072081824,18.118869739482875
0.09272464804106946,11.39208999994889
0.938768009310123,5.355064394238929
1.966249989565457,13.022447868594819
1.3988789052155794,29.19360416099786
3.8826989063508774,12.362627382030595
2.1499495281099956,18.682417717661835
0.35570573753461465,22.247572241232266
0.14636487251248168,7.070992526692002
2.056788294217782,6.9065127534412465
0.05373814533478886,12.553016517676243
1.7626947556145813,9.235019458668617
5.634510910774304,19.65371985735139
1.713564891155089,23.422530829702847
0.9826013844478145,8.488483827388118
2.061654315689964,7.162620916867544
1.2259119481021825,17.13215436633959
1.5776287211526403,7.570528981873326
5.676254292465998,18.83543140415228
0.9758550547003743,9.409546406043281
6.498183723013508,13.810124025642962
4.715152367539838,5.8032961383290065
0.4357925218809,12.822336552522994
0.14376831060631404,9.80844910370228
0.21245067096326042,12.066880832532838
0.03677977569446741,6.471519319385264
0.19841002331150828,15.680970437988261
2.2977497451543343,20.89035410569502
0.14769925389285404,6.954322613508315
0.768314376589737,5.804881690102408
3.727052080194554,5.1913796794525915
0.04709400636142302,13.217141504396698
3.369061012371917,12.473479786591344
0.6621669336792589,11.329563307068526
0.2515002396582153,7.111173303530311
2.386310816879827,8.966261320521642
1.9827983528664406,12.220608380314577
4.1988316281738935,10.493613719935327
2.6565871575288007,40.24106530705061
3.2539916119879564,6.173532900922618
0.6626677246134771,14.50334049936371
0.39066659208089394,9.144396806483195
2.7775127920108496,9.471722605213726
3.288418366486839,15.115382891352423
9.314009780280461,14.432580602558517
1.06415870830521,42.91509446291496
0.9304878239234654,6.099344993092664
2.995909006687174,5.879498000325244
0.8334673418615063,15.308662125388338
5.340275848798653,11.909338003743844
3.9096783143324982,7.563412739600209
1.1207112188843193,5.66200549878238
2.779569432990922,5.716406968511263
2.8092659737100343,22.968948099724713
0.21767503761343604,6.704232254879712
4.656891361735264,8.125063943580646
1.4074149795135087,7.056254640765067
3.50266511504666,8.507993878483365
0.7714708523290166,5.575610885853038
4.517581029091852,10.856098576204278
0.9859769081203424,5.560054771019531
0.021793613230350957,17.889776337274014
4.715814593924907,7.129578461473648
0.1914512210969505,11.212437529188758
0.7693072667700778,21.967382531917934
5.993944766376571,13.418656323282113
6.015899080207979,11.090685060597853
1.7039945821105276,8.13644833987317
1.9984601607810493,8.239744809790775
1.1900293272457152,13.856873204557889
0.694045557492394,46.115973397658436
0.7969726691007795,13.673869815721849
2.2326471598570126,11.52764408774385
2.7916757473261544,15.49396419354249
3.1363908324422973,10.006983423859271
3.1176620636974834,5.49621474786574
0.19127389308063888,11.609714081151688
1.364099193146712,30.28962741836268
0.11856341289747559,6.541913303525629
1.5949226313907858,14.369590067746064
1.165110549974567,6.794490749938063
4.373237328441602,11.139995408211572
0.8643832389357702,5.813395869618887
0.24901195510490173,9.788093262767045
0.30861530908423873,16.290053268339655
2.8668610941581876,8.416430091883633
1.92581135949607,13.746890183008707
0.21321742449077088,17.6955411433308
0.17571104333721016,25.95787754163367
2.4144169433061995,7.139293501724445
0.15109217905159428,9.077489063316278
3.4503717076171627,6.322922762579222
2.44999950626001,44.12523969638444
0.16969750116062413,25.93847277726858
0.17730773555561338,11.211484790392982
8.630917124116184,19.762967936495773
0.9376751651045792,10.88773564238629
0.926110520950625,12.816518788973847
3.351150806565354,5.746791836344174
5.8843290759264875,16.26081148124591
8.537547879203968,6.093098681831257
2.7997984602326835,18.992709879482714
0.9440419992382513,17.18711253614932
0.17438798739591452,14.868440552748872
3.0024850809092514,5.294642944412425
1.634720815122986,7.889232320412401
1.1040662506099475,7.44256111343302
4.736475350956181,8.572002096156137
0.2357604159437605,5.733789124579021
1.3570102187459085,27.11161040713659
0.022837178865083338,11.455944150105452
1.2647087391658525,7.916784975580818
0.11590086213185155,9.046459448852794
0.25298199186234244,9.742108817941041
0.25005246401491255,12.342221361766336
2.095136772813943,10.800066016363516
2.7411954351929455,25.145256372141173
1.751107554405737,10.496740103366317
6.549440418204754,43.78610612288188
0.9395931558405344,20.253320906626243
0.6729383148411174,6.870709470715455
4.059005076340459,26.342395684710834
0.5061641354637068,5.989702236079544
6.605740212503822,18.605836592085808
0.024457888717938615,8.832332949336777
7.0050538457589635,21.82819014594589
0.08823799723700379,21.203063353245014
4.435442458320018,18.11610126685958
1.5002865006987807,17.48634154851409
9.913657215852066,7.907054956734294
0.15332275190890987,5.675050633605996
1.6142193274666976,9.126439717938396
6.96715044251201,6.52468018693326
1.480887866362088,14.498265207819792
1.9852565807623748,8.398403409704851
2.3798024762335483,34.70872241701666
1.2122555113539017,13.194840916288994
1.9753483460160441,18.8294014032795
1.7556517236115112,6.137345670132476
4.628465538965295,20.84485234669161
0.09302292348696195,25.486411588929062
0.6596854517975169,10.340801124385994
6.007992011721862,12.456372398599925
4.419351656906972,16.578885874654702
1.21635052391924,6.537410467636635
1.9358660574779545,10.586340385731155
0.6497468397902603,9.068798525356542
0.416808322872129,6.266096888362088
1.2461171976081975,8.665035859653852
0.8719070692334667,5.564858901632881
1.752487412013286,5.209207039750501
0.16184456886636958,6.1617442586285085
7.329920245045135,31.39962671981686
8.567731151105077,11.379702132464983
2.3957277638255787,32.009422655072854
1.5361568688241798,9.532086328065999
0.74075860310872,7.989593826645633
3.3618143349759935,10.644055798218398
2.3086591672976313,9.631575125012386
0.35494730820097675,5.893396004787135
4.836602183998255,13.191593635179942
3.457989022734543,6.947159695986645
5.983477050066872,12.73200227604611
2.5872080083922686,13.403174714596958
1.9008080391827455,6.319231612435571
1.0834050131862267,5.506497671604251
5.398036723094236,17.14076394579144
4.02078476009384,9.92653297673109
0.09254587730624557,5.479391200830527
0.05344163373302273,47.17545581389332
0.9446955231665257,5.4761366513953895
3.3272954459921724,14.50047210800121
8.728550936440335,37.922384621255624
0.32601901986895937,7.186868935657176
1.8034482604314714,6.2275348898686795
0.9589473995161922,6.035267248192075
7.007417108751925,7.8909176475288785
3.6918264148672693,5.852185628412492
3.6443800929397145,14.425435759425467
1.264831142279547,5.514531710396216
1.071669872654698,10.697370019477095
0.6387777843001224,50.70303909439948
0.11605392768967243,18.454790213413723
4.000852280006621,12.640656612958988
3.352234878499846,7.925190664695882
16.344891195636166,12.823113142552188
11.389746801488666,10.989980447036274
1.621303185282788,9.442169290533567
2.9305661804125216,6.120631406882761
5.792343365748872,22.41496847849638
3.7895440294184914,9.779564238342257
0.568304889162293,6.731553456491309
1.197653654799729,8.667881467063483
0.2765926886261773,9.277255476961072
6.160447572883418,19.060622008724266
1.8636954051772363,15.582482582874226
0.5192074508369674,16.733266609361536
2.2276590783465005,5.088740480172271
1.9253408694861434,9.304944211527804
0.8868409245942122,10.252117768305286
0.24107824279693854,5.15503071573157
2.226882567038204,7.40682163217461
1.4692208483720754,16.426597453715026
2.95961416192103,6.179741738671114
1.4686197208470302,11.131080362118865
3.823540222616968,6.93863004861515
1.605508238042975,5.097558641990221
1.6462291619602942,7.208151694802394
4.185517286459543,34.79564018514303
1.033294627976234,17.937225263692376
0.2877759107805979,30.666780401529866
0.05841004286418937,10.353164992889344
2.8141149053251713,5.92989963356154
1.9367979341213593,11.351867816013556
2.435330695595753,9.846621048695429
0.47896298698688694,19.881527099198472
0.2932251024565573,5.825858528692991
0.029302952531337564,10.35921388503877
0.8633745230301385,6.300609469743396
1.7827947513298892,8.140500760109635
0.9959637351223014,15.695679024198327
1.1506391256568624,10.170385546332941
4.690123045962883,8.77140717137274
0.8562052288502234,9.013292321268626
1.4430500561446422,9.921297287335385
3.0617434754394033,17.297553615155714
1.0101602625983594,22.811268130589973
1.9461809507061707,29.868464504178398
3.9662812873686133,17.36807704364558
5.972380830749335,8.03144500483241
0.31816375862967194,14.321471477448164
5.223325526084158,9.60437994691915
1.3550055619910613,7.351432321991822
0.5974709087027915,19.70434980952463
1.229173934741395,5.313472933950049
7.827306195161183,23.562896744322977
1.3569825853347195,9.951407478714238
0.7972320642009996,13.11126105067646
2.006972547915319,13.615289885730098
0.5492569354312059,23.039335184472165
0.15779060995247007,13.09954313603417
0.2759504394248317,12.613966912886976
0.27403684813401424,5.551817606255243
0.32951980311334594,10.845264335913745
0.2989201321350331,6.3017421900529715
2.048168102151613,15.69801535314196
0.40149271406896325,10.743157858603427
0.8482786315896105,14.121170773372066
4.5419482502567154,5.340528955330835
1.2847622832931873,5.708831477347828
2.202578167304761,15.079363039863413
0.378257034226433,5.598515437077011
0.4271019619901901,5.591383414952096
0.08345442543513061,5.097459040078368
0.37009468813116175,30.080211889758314
0.653096237262291,15.700288344125287
0.3896236349662159,8.486381085869594
0.18577181572073515,7.8139038498407904
0.25711242698670506,8.44261160533504
1.2352586867307582,16.920929597853203
0.46218441269019317,13.662792141028026
0.905962231021837,6.638457240879998
1.4000103694286608,6.530343051640175
2.3449148680250844,5.828635929554716
0.08021146020003085,13.637603280268102
3.212988487652239,16.56403039378973
1.9771873807345928,7.463583596428722
0.17059086075266852,5.169339347612921
4.136269396976181,5.685959259655489
5.073387092757856,32.501240022698745
0.1260456551203268,7.801508522429003
0.6483536862573016,16.73043234643216
3.281870366453285,12.839460043904303
2.7587144804286168,8.849353246634607
0.40795926412360095,6.842224151647228
0.4697980623630665,6.035280712456809
0.9255702200487395,12.636365027835843
1.3253251293372288,16.92022846672734
1.926003668117104,13.260445068509672
0.9206251260007023,11.045325021491779
1.2417822184418352,5.342852698472872
2.752457880779685,32.65929223802843
0.07474590464295693,17.82423559075488
0.5818732437647944,7.771783429101178
2.4989837499120515,36.28432458173775
4.511533508661227,12.36804643575584
1.4335582244168017,11.986284016358802
1.5190590047061379,16.028933025640114
0.22672267708132676,18.360716270751013
1.1862864921671017,13.548047125984397
1.5212135981105799,6.09660529584308
0.5553856065213066,8.303151138524067
0.6273492237570877,26.05801205139365
0.947329969604944,7.035171102967551
0.04055072150062903,8.723848875301437
0.7774495225122715,9.526153813749847
0.47511387124725973,9.630052327386665
0.7934984604639653,12.593395844417856
0.25512620656956253,27.928283070241566
4.424159799886049,7.2027897941934915
1.8007976277591196,6.036327504039619
2.2732659157860633,6.759893215150918
3.1134180647555825,22.437624648804416
1.3800728436977703,13.303392648609822
0.1818641890349117,7.693934223032147
1.5405167265896451,18.540249502197764
1.7678461157427472,20.807573913597565
2.7364332976168186,19.993185023848604
1.1300692987659642,25.099196346193857
0.27296933345862445,7.325396579316923
0.6675243605234078,16.253345766584445
0.9022296509492469,9.937485662816915
2.0764492232437233,19.761208696587616
1.6915634424028392,15.430070415478054
0.8804135193036123,16.984870030924743
8.612391544339625,13.540673525473673
1.8616660169344186,6.5625615809915665
0.5415890575135999,11.300136193537636
0.2146860092497737,38.42341276013556
0.33177658517965175,27.16639510405946
0.5646136987902819,5.353067568940689
0.35032974990858806,6.440814409206039
0.4129834909091608,6.130009121221482
0.6712116964308931,15.356430832483095
0.380804867325774,18.62055824556677
4.541502898711831,6.921416066800423
0.16727142518400032,10.639372910716233
1.4868247002254054,19.695880563822428
1.0566111129786047,15.558108949177411
8.07728433203184,11.25123315963036
0.2376546913948098,12.139572036560258
1.0145159874848608,10.680077200547249
6.97811932825343,7.825430800012964
4.0124881239363095,11.659678459745244
3.397326068072359,14.3407490487745
0.5965501670670093,21.52891260085962
0.37479906557297504,13.091217238998835
2.209119197363567,16.454403036684205
5.300770189919911,6.39550936391299
1.6273008438094845,9.952596149331008
1.695455122917173,5.075003457315649
0.6569500616213017,7.266109338862935
2.934947516824177,15.370509484890286
0.4141559642921417,43.43868352708911
0.7821756262384653,5.835581677688742
1.108289100139661,9.106554053771355
1.416969925289397,17.878342551213986
0.5552251671392117,6.82560689009251
0.2439665442882709,11.478975298780925
1.886399314858713,15.566189460545084
0.6811267368730836,12.656598697318126
1.7409061365848872,6.6662832050676
0.3353295055413596,8.512810964183926
1.312242756057055,17.2521069991519
1.5210944962581556,11.463554681569413
0.10642930291424266,5.04194668667396
0.8207672027608465,16.45002453462099
0.2886986536638632,5.2875990184924335
0.13094451754504977,15.954987690824352
9.202402622790649,6.809992549214977
0.7782600450388405,30.374693756478287
3.3201412275397972,8.670177130316826
0.5877776685868028,8.167266754426851
2.288282702040703,6.2896928666809515
2.856132445656417,7.917705490790858
1.8108931883382795,21.74188489741311
1.2757132880905435,49.86996984567245
1.0615156270107555,8.67484614615024
0.8580866034079496,9.762512484082956
5.305112096441562,15.243114969959278
3.551214142283596,22.386205435704113
6.706352778831383,12.192408229428935
0.2654570836722111,8.974404795647452
2.625102726921015,9.256691545202699
5.572254530522481,14.515778150046755
0.39991161940159536,5.025787626817877
0.13762063494499374,12.732031351140682
2.702786306377244,8.514156893837995
1.7088542883973394,17.64669990488637
3.6881542826429556,5.780820071918848
0.3011164928283852,12.097783915022694
3.172100222063736,10.246393295148891
0.4503595461340459,13.225055971797158
0.357430397931036,5.536417428085455
0.3588893131199014,11.939695736705154
3.3702065651280173,11.594882564823045
2.188427278031938,11.579855144805471
1.4807519126920887,12.400385061659293
0.8889228033561363,14.027656462590032
4.194405334588665,18.077594480927942
0.9966254993948899,7.515721489009994
3.3921653256961393,18.94601351048985
1.1565497622277607,10.517316930076877
0.9462391316354742,5.641513499706953
1.2423221197992051,5.482680208600461
0.7172905508612841,8.25458806688204
2.753554625873879,17.293105515176066
1.397205631391192,14.839275072166274
0.5284850619941305,17.43259197178878
4.596679699101167,10.826366665721505
0.9686634847174226,9.641391295183226
1.568564764355527,6.2762110738150625
4.738991217419253,8.182270522658921
1.9575986077146614,9.553563337753864
0.2486292317155595,5.742190972820493
5.621233367864418,6.993969775844904
1.9761538578696525,12.294910243670088
0.8156526311026188,15.644247255277607
0.2999536412328516,56.243783045073144
3.160002791360534,26.638044835234524
1.9355510151257047,13.23041847842298
1.5248277160980563,9.375050479588783
4.486606661072891,13.088710366238836
3.107980027392144,17.32122107794474
0.32898264025268176,6.007555715888272
0.7471251027916009,9.21977240935783
0.5713392370976759,19.650772094704244
2.724736123736823,8.873897362279305
0.06821507971567586,11.78666956968036
1.687427112772286,12.089378260253913
2.8748274317195577,6.6313979036028075
4.187334688771876,8.598288756391444
0.8373491870901854,8.257868832709079
3.443615927082006,5.212367641717357
0.23448777019755468,5.195913530164242
3.7474879144233753,19.255916897113117
0.2727592610561417,7.551409651440281
1.0126292624197286,10.839796749748164
3.19201072665298,7.838847920639145
0.32484357984083234,27.598368289268183
0.5207860448895019,7.401241745604755
2.562086195289811,9.492136131348722
2.5461923439833893,21.491571464924743
2.0496884174747816,19.757918967857027
2.368003418175234,6.647356101524496
1.5649382023912763,17.98194061799035
0.5801673985188198,9.90267317185964
0.8483663875865268,10.27721758043034
0.40080254903306367,6.146160455183221
4.7817522786473035,5.672285136586587
1.751218109273197,15.413840811611513
1.0244913189580447,10.4887553167748
1.2398150126423266,9.593684033129051
5.885647473994422,15.460108810520303
0.33293910025700135,16.602837591739082
1.764889218217108,6.384435446083196
1.4099888815863546,12.537488103334777
1.8906886360061455,6.163481596222998
0.03655236081299447,16.134479102618798
4.113387045081393,13.559152804927551
5.379977073382504,30.101062287682595
1.6654309278867954,5.571607260068259
2.3857414810519164,5.4699762145987
5.1149387156912525,7.652370348758913
2.4567949067850363,7.427301850851066
0.3310210182482434,7.269295170365818
1.7174042997051204,23.937379793730475
1.86644171406803,7.296617508508853
1.1037490078456422,7.539081405233558
2.666980607766784,16.396898028777287
5.447353771524949,9.778912790920456
5.195752426108235,16.994291186067677
1.1987285926072353,5.540803510095401
0.24035740910356837,10.348747936829895
8.378347978241413,5.273532199503599
3.6514362216368856,5.517615612085056
0.2662919194341268,23.953000945163872
5.072615881926552,6.19956639237156
4.078847862453727,11.08149024849768
1.4631027719372984,9.23593137534849
1.7894275736581498,8.413632444756292
1.0183296868180272,23.407359496070615
0.11263629848658757,5.176520394840012
0.8165297726014823,13.720147046661516
3.2476158221323574,31.460439835746936
0.00928556813268577,11.570902882246816
0.8114277931803374,27.094451623352953
1.0155561897093563,5.429382706366592
1.5417660482477635,9.341190818378369
5.047850952306083,7.41054677240551
0.8503542217815802,15.499028504585123
0.8522129719169905,36.832609430733456
2.675017903331131,7.371415580669211
1.2037555469846788,13.494570078640253
0.5087649474054508,6.7661473210742376
1.2045647011523102,11.665349937183667
0.3036398438627741,9.987961345378576
0.3881090064161935,33.60592904726492
1.3797760856056354,12.502715424301867
1.085752432512014,8.440190214023286
4.926585470505626,5.969171548604962
0.9000691660794565,6.311894909771491
1.737804767570544,7.042410201127058
2.000781545035696,7.311774284490959
0.026361889651318453,20.209883954104882
2.178536394071978,11.590107880934356
0.3921172803984964,10.928469158283548
6.491996544544853,5.975252050730383
0.32189380862036016,20.7368893132407
1.0710022290732137,15.264540894990885
0.17842687530100626,5.56053354175613
11.536163230301518,14.843495204819634
1.3950937313164522,11.274002404939072
1.8096386481778914,5.682069963757346
0.13886410165650834,9.904352964853619
2.772272510431998,10.30399054731948
0.4712056765005264,6.450012620974531
4.566629713623261,28.305575419195968
0.4591776563216667,20.175646465877477
0.4231408596176317,13.845635122081744
0.07446868371534433,9.963569917351085
1.2775715865909278,9.245037374054753
1.664088207352361,13.420858674512468
0.13593388035831294,11.30725979443034
2.9880051871967446,5.514372240217012
1.2076693005872434,10.747763375472283
1.4863153091851937,18.13583830694506
1.1623629435751606,9.91823596105784
1.0241964025498427,5.4268397880675945
1.6403269142757495,17.344640854489896
0.33740601352191096,6.798797869486992
0.401610172417251,7.393944725986962
3.9578986565922807,6.439775547339213
5.841823418529371,8.206388883773714
0.9346043749502772,16.30937398253213
0.631462731385332,10.861524268192344
2.065646530188914,6.834110678296708
1.0509791352144926,21.8187392101239
0.05142829746529406,21.934280408638674
0.33956720659902123,21.357441440819493
2.517366519706091,7.182833331255367
2.1512995646350714,9.800743171458343
0.054939715768880196,38.59212579943961
0.50198594773341,16.82771497746223
0.525523157901862,5.220346229095052
2.2288294456557036,5.539420702552884
0.03981476258427881,9.987944782168503
0.21987211720274563,24.194548397229447
3.218036854592483,11.189684688031363
0.3933554189035707,10.510253912391136
2.1153981778411537,5.891687796132835
0.5440972444179905,13.5550715450477
0.20948006696974264,18.812411605041596
0.5572390328228946,8.829707695737474
2.5621896261940638,16.955023346706973
3.871672674907859,31.700521296416785
3.5465019999511287,6.822901944907304
1.0122849789501769,10.927440621617086
2.20575355680919,7.707738935112431
0.45878682065796156,17.594667545739792
0.6938671772250337,11.89429472751716
4.533197257261809,13.053716142666207
0.026174376792570005,17.79250175560853
0.17877427926089826,9.033057567374243
0.4661005604796304,24.729313700903724
0.05378107044863377,11.09190269964305
0.40040600658054554,6.375372892714547
1.7495374574887332,14.523166275971104
1.0943726367356008,17.610398767391636
4.463726041643655,8.047292358365683
3.4013918060389567,20.5693198441069
0.8365456103380641,23.927885168249333
0.6006525042945571,7.593711676563715
0.9550796162170755,37.84557697825391
1.7846355002866106,6.213204723044044
0.6241234196305457,6.8053305305174066
1.9571244910941752,6.628932002140574
1.0532720785596223,22.95375291347306
1.606134733029689,13.497299108277627
1.1458507901822241,6.31998101000243
0.6975999505246663,9.643169559118975
5.930534442304407,12.642290684383696
2.8845090074652724,5.697232202669259
0.3019089962460417,22.124843522738185
4.057009855438648,18.020959075628866
1.336640659323833,10.628922624654688
4.499078980579487,32.320735384400706
3.2174289078598006,9.32699381623516
1.1075132385172146,38.13668301160939
0.04545117895508023,13.819034973077512
0.6258010955529734,13.055661675948167
1.5601755113595925,6.451742365653078
2.0073946638690727,22.091668992704445
0.5965093598578778,9.461796250801802
0.3001488376614311,6.416125955861475
3.602774174324783,5.101501352983485
8.321248326374468,11.563403533711005
1.4917890939441738,10.996040917268026
0.37670972732014785,15.165278757976752
0.6357529434578657,22.676988845883425
0.037123774821532014,5.661894401444396
4.913777055387114,15.51913035008474
0.250562087692406,6.660247953242154
1.7184813377363117,20.625406820548466
0.6405626572055858,18.676873716888036
1.6156710308139706,11.226046674392805
2.107777267972054,14.9096955464965
3.5408783848447203,8.019105204891172
0.4624050550090717,10.096674294315694
0.02211345926339439,18.7914712476717
0.29441614137478106,9.91861054739266
4.605543057706363,8.54282236949245
4.141202704106245,10.453108432678913
1.819688620392985,19.09368796213939
1.8351674370106938,8.266249123714669
2.187468458815025,6.526975351530365
0.3856440572771043,14.958747853882269
4.916419121542603,18.988598186279184
1.085219268692636,5.848552608784708
0.9662215986557369,7.194169746465082
1.463433865245362,6.224948272486682
0.09620932858395444,8.42096689244845
0.36372341009854464,9.787802783361698
2.6790781808479265,16.05288555587058
0.1728565513436872,13.424850604284012
1.8484044379702311,12.760244922791447
0.5630000672008816,8.475546971255767
0.9862845138503767,19.733358760274466
0.681304383908292,10.098478752351408
0.879096955445707,35.945939332759124
2.5391279732773735,13.044083016078181
0.7051430792111018,6.079822857448202
1.6712870614114044,14.020479556086043
1.2927195733805235,8.145573575356881
2.179331846185357,14.275238912199091
5.523843295025938,5.577479240556355
2.6378105425100857,6.537825523672972
0.4839912264880946,20.488952408145042
0.06335935764851569,7.0616683464542795
0.6083386040111758,19.514059296902655
1.8081213037461945,7.6199931150299784
0.10559055619954937,13.237510142001879
1.3718119120523777,14.47729894743711
1.8168576799751204,10.750259850308396
0.8136637558762008,7.914324401511857
2.9472999182934694,6.912602081317487
0.22543782952935598,5.270020953684486
0.15622101158449403,7.898628895209674
2.6052948204327855,13.47119796873776
1.3683404533261372,27.28439556727499
2.332085311466282,21.396234128771194
1.1412479982577146,16.621688197979026
0.5657925075170632,17.42625074730961
3.4196473971423917,13.748637471373385
3.21304312792038,7.411942506378161
2.372897639418243,24.018040737560725
0.6353072299760641,13.88707373936055
1.7843217594469285,11.575859903091043
0.8956199511596441,5.941169583074117
0.19210146921330645,9.739981787071496
4.985399687075283,9.934798598423964
0.29426089763904006,20.994025534855716
6.000981306245525,11.328695191886116
1.1812020255817444,8.829456451580628
0.40946056382693163,35.108937282818715
1.561339692303473,5.9387503970140685
4.126283588564117,9.39304558921068
2.6352155582609473,5.3434660664550515
3.2855876521475147,15.773639597305166
2.1504754303408053,25.015760249311022
2.3571076722830644,7.628447319312155
3.783543976100559,20.634698364102636
0.5744790310802402,7.764955743346395
1.3444353323424827,24.332318276911767
0.5000262582122447,16.218151132897354
8.791116834810659,18.07422213741151
5.766927574640829,5.1453651713133155
0.08045020241075818,31.333799779491176
2.445463126391458,15.376632417317465
5.187167114950511,7.907882891181783
0.3983056507757,19.147218972839262
1.6784058352918045,7.644952620858553
4.94173052825106,21.493054379315332
0.06907104708842363,5.955498739848753
2.3908209137857708,14.730684000353493
0.7057899294904256,11.224386967738042
5.164497342711352,5.812138572212076
7.084939845244507,7.215454679106411
5.774347362481949,5.099852867800224
1.2857228103969165,10.060451013282256
3.9616214134707164,7.867872758697556
3.7228545465981577,12.297542803324575
0.7686810430390687,7.821893759561894
3.5311950827893064,7.852475164997393
0.07541959053781945,15.87544978261621
1.8140172805756138,5.394722345919643
0.5227524823945714,23.65569889752943
0.2569555349432881,20.29862025291261
0.1601506866087655,13.816257436107296
2.383355899376474,12.195893120610721
0.8306520261371341,22.827431123544446
2.5802728744407553,6.63977900867191
0.13517987097894865,5.658094082592819
0.7575207628353564,7.190340320274551
1.550847028800099,17.661521886901873
3.128194666675975,5.282284347962612
0.7676592140803179,11.993647513756537
1.9664181728043253,48.11910487088067
4.34272331744854,20.48666995068615
1.9135130181441724,10.895884576070543
0.530431285931699,5.5260498572202525
0.04940682748831045,19.240553234613913
4.081963372748363,12.309922060349644
0.04299772832052263,5.976735418422538
4.154115533208341,5.788467704595692
1.5055274409391088,24.23046184627471
5.595983685585326,13.849936885504409
3.2067450460462505,19.142162556179237
12.364388821694652,21.89432296603953
0.8637572336965674,11.78480269651936
2.9150505182229156,10.82930541049263
1.0280980052458817,9.502952336756595
1.3073746085703826,8.049457760907066
1.9750658152562308,9.56171751906507
4.13782812806478,16.89350339733381
8.280794073682618,12.368887262536882
2.92439422067845,22.84384884503469
1.0817683871822836,9.686980191375552
1.0941391516380483,12.473389030122311
2.675635551947331,12.982339677527412
0.5456582401191886,12.165969045276103
0.23413333916132295,14.702326500423823
0.875838663188233,7.168524157732902
0.677218212835652,10.74548477521931
0.7028293794646111,5.880526347826646
0.5321223319189935,8.882709899992477
0.08600956187469465,10.350244869350025
0.03607120566389812,13.449579447354306
8.799955958224604,29.051281049855543
1.116439493784204,12.3433577946648
0.9700774549106357,15.887942610852736
2.2766652972528942,10.646067910845417
0.49245051188186667,13.043249797739213
5.989912507479552,5.58858862796904
3.0867855637511723,7.348437791081112
0.1873272772820139,8.593494085675925
1.0811295480667795,10.116750532537669
4.225885920281707,5.373787872018729
5.791123206241664,6.206807284303977
1.2599748862027846,7.592714032826729
1.900788345152873,33.47199119385273
0.3655247785135971,8.219920389152897
9.458889372185626,10.26287442103001
0.5270763300353666,6.746220403565144
5.720018662987776,12.548885801119328
2.09762611893712,7.635627423291297
1.871644445744388,6.8553815883940015
1.4377035051848823,10.814833514595364
0.5244700561039253,5.044168095498478
0.38845154004673454,5.061548418163202
0.4981697972410135,6.978145894939445
0.41266692710910036,5.299300526705567
3.024481515145593,5.9145441533021295
0.8619512821461487,8.310325147240247
0.11916601666553696,17.97960487540517
6.954168433053549,11.789965940730502
4.304641940052001,10.7504728079045
5.255309107613509,7.77933005629318
10.560099538099413,26.47705874868973
0.38206739315237065,9.046904212597347
1.0091637097877615,5.728968080932605
2.8396069509625415,12.679151809679631
2.381590804842675,5.966847558965303
0.3342257695870137,8.387686219386126
3.3838260059726304,10.664656237757969
0.5083413344811726,21.585928018391332
0.5067355079392861,10.442583397247624
1.539945968581674,14.692244096740081
1.797589048373838,44.48812593582488
1.7354116910589348,6.127801327327853
0.19189180594202748,7.569707064375214
4.198649622582847,9.0146109186918
0.6174029953340311,9.383073484171712
0.27740932193880063,9.234919019250263
4.391916196960067,24.053979061695316
6.231352705506558,15.015020929355403
3.9628535689499245,12.49001334105402
3.3163749394672246,7.961239918635191
2.12982500239724,18.88864795102169
1.6008295631397975,29.81950715038525
0.18200979350470162,18.771822486920527
1.0500289998205297,5.012530649984334
0.9326241572612323,13.09363748053697
0.6015448469525689,5.419913179960356
2.570511159994137,7.383014585779805
1.3698649678353072,5.4909591486557305
0.16903889447111708,12.406597345030336
0.4973925223608329,14.281942123558084
2.299340255194498,5.972710891654504
0.15836968038982463,8.873974369194883
3.8103972460884097,9.873927086166315
1.3669740886241568,8.684267584949914
1.310110274871182,6.031990589312938
1.7949761531761497,9.343317313471047
3.4822958258889534,16.12814151782459
0.8548362678904304,5.589238324057889
2.266507795845702,5.668618364518078
1.6681866820699471,8.505203509891443
0.6212962912021415,27.740754444222727
4.217822870880717,13.83477311072734
3.193300267505465,14.082292093597463
2.148533138769752,8.594332778318446
3.802011437083213,12.20453582858757
4.03924127644106,5.081462830020345
2.464490641818622,13.08692247940834
3.628173701241865,24.5612068763185
2.3911593287439676,12.585832351142745
2.27974858345773,21.552672905900348
1.9278728380443764,15.298054343257286
2.7944407832521283,6.027745096207976
0.345388350922558,23.619392927854193
4.255092636104306,5.550033294321096
4.109006644285871,11.107998767142774
0.05936702308604403,6.226488081660125
3.4952947525506275,5.094205380915856
0.2759278148075113,9.385925485149901
0.8162939650186172,7.796921753523021
2.7213176063214832,10.324263793785274
0.35051686945912636,11.886846056739259
3.4071348443171448,5.3577957300473
3.5691805940244477,6.050016351077452
1.416390610619194,11.543198717825973
0.012812697234830334,8.362608129528464
0.6766546854237102,15.450214708491666
1.919058988727477,13.451129770013681
7.946326935948816,19.945895195978945
1.9983314981781268,14.43405491282158
0.6016793940202341,9.49598406883205
2.010275055883101,13.94154432884492
1.5529940135553426,7.576876159841034
3.026850460258931,7.925881183047956
0.22629403459165812,17.446614526802538
2.8628169614729657,9.730785031325404
1.558572038139779,17.81097784215477
6.593242555535332,18.826779473774984
0.8367121799782223,20.590806658063563
2.002727394690046,24.876236407945417
5.377321951137103,9.510790965598474
0.21630599533054923,8.071979393145178
5.536507853677537,11.981995438800666
2.328771767115938,8.71118546378072
0.1404953005822166,12.351838088602108
0.7161048328564796,14.782142978955688
2.463181990242625,14.328408565392698
0.13945185478952263,8.75430803392624
1.7453634581899276,6.460430606438531
0.8489382630227224,9.504384108782888
1.9399923809496695,6.230751159888804
0.0936424785559097,22.665259524296534
4.104225689753825,8.39568460939152
7.260388750288683,6.342236028201599
6.9396713289835015,5.206217235173414
2.76980531392246,13.303654064164858
0.27872239766761153,13.10466706397456
8.331450136885932,1.6120548629363474
5.5953050382101965,1.3988636655681363
9.216031584893969,0.4310033200163549
7.9826378042262665,3.9153934739117062
14.043812185269612,2.2598392763761135
12.446753968046686,3.6391870325988815
8.627925492471133,3.9146500136108564
6.966105193793986,2.7594786143395025
40.40680247491624,1.1568196944761544
9.84111417972235,1.8860229188540996
14.325051508154598,0.3495769781466068
6.21172865675746,2.2395416244991138
10.317872658151366,0.3950813787878043
5.223383699383403,2.3680109074049525
10.632938955765617,0.5216860622201293
31.59775990809719,0.25010924469232565
8.878751558357935,0.361328637886097
5.318213766198265,0.003988244319421252
5.251560357806692,2.536948823692528
8.928010901040652,2.6365317419676026
6.395064590809047,1.4469379492541024
5.189032616649604,0.35195417368150983
16.291703233143284,0.1745050030480418
9.907637635630522,0.03862858463429933
7.731417382634685,0.3624399522301358
23.427338154572347,4.4301658142992695
5.9876433879829225,0.5529221063236709
29.973780385127796,0.8747517492021876
8.01463308392421,0.22263530282193345
22.542937084544864,0.5029865293233661
12.389400965478178,1.4647100020383288
19.022188411011072,1.8717254553234797
38.08791676800226,0.5630085598475739
7.721975719188894,0.11893142557536307
30.98138932767724,0.9919819700467516
8.947578637532974,0.5336772835701117
8.895725785679682,0.49577925894404595
8.328817101043837,6.430903523012014
11.236747975151042,1.9157910963019935
6.339259039295093,1.6278223038618904
11.454317138332538,1.0749385471559503
11.241934304716102,1.120537168926944
16.480577106451967,1.5569962540396327
19.349288381667627,2.38428483384761
9.644855452360524,2.422304336670092
7.880109798631573,0.3767450324524554
7.4016536723370985,1.3867454202861678
6.731566616880976,1.0619141333481446
5.475007662467046,4.088565306533237
8.353851187335918,1.99618913544742
7.520400853641352,1.520729257014458
32.149974259437286,0.24522731358721372
11.526294797232923,1.8609714582654715
8.412819964136807,0.24932205761069548
11.948916188980581,0.8225838287374608
6.199114060017158,0.3082659445348505
9.696525387543224,2.355789276632577
12.87300964625609,0.46197878375889284
10.3694861678358,0.9946982593233696
9.110357558846015,4.52048424177426
45.728330111539684,0.4571072774603071
21.983120001974374,1.417760858989938
12.812699870454463,1.086944413268481
11.740184963049096,0.0365805866331303
12.754589146559635,3.1477372689118486
6.798280260686281,0.143090623058744
9.022036173521574,1.2858780291350485
5.322073330926082,1.6450466418653056
10.163181032348636,1.9800169421281837
11.265005470023796,2.333557192114379
7.067572843671566,0.584109593843989
31.600303775198213,0.020057796729096085
24.215232139189144,2.570681451978797
15.24519626819036,1.5342618257453886
11.09803410452746,3.6172136226257705
21.319868985460964,3.445082910662892
6.120097352609847,3.7071782729358422
17.50462633142588,1.3275444019965388
6.066613036416191,0.8118155996739768
17.64721813739335,3.1361908516638586
7.581143198330741,1.2003854120645412
21.770461007603593,0.40531514943085806
28.06524437080131,3.861684754346913
6.288827401716876,4.283653329669396
9.969226235672933,1.255879352009015
36.70121770514377,0.1574365793759157
10.284006339899049,0.9814777400702991
20.9342310021217,3.2545690344988767
12.108072375393998,4.640969246999534
8.764252970242914,0.4549878572401702
7.692553752480608,0.13864359120726946
6.817444423267091,4.196848405608286
16.477096233735644,0.9866425748892519
8.909128342419008,1.560728637874271
10.727650124912497,6.8881562410584225
10.423317963271273,0.13776731471825468
11.8883436893884,2.0900558839694994
21.054118543305176,0.15398979618024994
36.59752633068546,0.9415083927944033
9.188372321989334,3.257389738244296
19.059741935178828,1.13645836855904
16.569299172020692,11.743706919921866
11.817686366757302,1.6376896911154144
29.99710132158348,0.7747459817892949
6.789894973635601,0.49720819000734
5.925659422558116,0.8631681178007634
20.391105527142287,0.9321292705875124
9.626411695579812,0.1423770125252901
20.016910488260745,0.9227196279414428
22.886158714296936,1.2481324329329626
5.515946309500667,2.565582955705842
22.196492704562583,2.138472936750616
9.758283189347399,2.4672540548133335
10.713863265968847,0.016797707424233577
12.880679936682416,0.49095061726068595
25.870991676518205,2.167551522942474
5.154409354924686,1.323255818820049
10.182996511502587,0.010655284770946407
14.310892785069267,3.26433499098281
15.261443340360836,2.9639334579677548
14.435085325688863,1.5900017623244698
6.154983644762474,0.1375500599528558
7.846494970478192,2.9092753118199584
8.554256979274678,1.7527635291834363
18.054990102292173,3.0461532840505616
7.614265193413056,2.7866137218140863
6.892920729889989,3.249124135703862
30.256230951600067,1.4596558007017555
5.0712223813782815,0.30240061536884816
54.03058395123269,2.2243525705882052
14.036398835494026,1.9376632138705687
19.10394413150696,2.7115550432567925
7.7921420680393645,0.37237244452702434
5.115349837904092,0.43376438892167374
15.711303027477603,4.422009488362917
19.373111491947206,2.77241111774242
15.791252828384753,4.776906727891121
6.233141453681774,2.8435556052455615
16.200807388834033,1.8184083319542306
16.72002678182413,2.123400421117851
13.596209978655049,4.398756420399307
16.623437805539304,1.729327070408071
19.96234139743044,2.001472575862812
12.607142594503443,0.34033554670108573
5.742228579159326,1.2846086116333792
10.349631870300978,2.520360601742857
5.6466383725946026,0.6320058938599711
9.187816278602682,0.4519305084635853
9.181923784405049,0.7532504339505985
5.546315044588406,0.5528266162686913
8.431759978395046,0.4839205539850999
5.94124723902458,1.1062517362328723
18.211885680603842,4.768425913537777
28.60423988049599,1.4147341991172642
5.600517069859646,0.41631378088851706
29.829249872549486,0.1601907017768928
10.91481239511009,2.382482689707693
7.848437410228817,0.9651203132196539
5.639812997916577,3.4500448822432115
10.555171974171149,2.1547435597135283
17.659079121580945,3.181639134416646
14.823022862269198,0.6347602237087439
5.412249835968372,2.3576430164048308
5.60556659246602,0.6132187642673617
9.125007449728702,5.596009318702108
7.7997568750403925,2.0232603726475156
7.115728733860476,0.7846391810717189
7.6392014276440925,0.6280845730326964
18.016040249253727,0.42373123658539136
26.186340756347423,2.372534021514961
9.154931873420269,0.4936321270750408
23.925136545943122,1.8092345942582926
8.102915712457996,0.614776682018198
10.176783087916194,2.1692350168233645
7.049766967782309,3.374147430579269
13.183795695772357,3.0103832228677687
35.89867174381058,2.86133974825304
12.400494606480768,0.41582626466386696
8.543019428853473,0.1850749380101596
13.34884494780387,2.400950047314362
6.049262754018486,0.918830849439558
22.56126748533045,1.1324871992825711
10.594673457625877,0.06328908292260761
9.773243295248815,0.6010657813564949
12.052502084319684,0.06851303045515957
12.842024425214616,4.227002447873579
5.59585589804532,0.5578323659898912
14.18117383619504,1.6298938077110077
7.215854127132084,0.07951870336109192
15.012782890156268,2.1983092192290163
18.831845711853752,0.7802487988646608
18.035431567963833,4.5639809893219345
11.43264722459922,4.380624446407483
10.874585440373043,0.7869464530842719
6.2333810797140075,4.624481027622359
16.945556061099424,11.123354472296745
7.533146152868852,3.4906947078845234
10.492478167197781,3.7270009837040603
7.675663973309937,0.5727225198418696
6.14937755925837,1.719359597021331
12.944460587807379,0.1392488145146022
5.446910077807331,0.19945932369610936
16.047119423344643,13.611502439778564
8.056959460431173,0.7909481188191786
5.001077616611221,2.758112535258224
10.725255302435562,3.286662235463189
5.383879938890018,3.9041842302866505
7.585584879278238,12.088294372086468
14.820019404746585,0.5528156927931942
5.5179264372706145,0.08237501191388588
19.62764451371829,1.0593086121827655
5.030617897571169,0.27870959114791277
7.267649384731964,0.04536234656509583
15.804454770488833,0.8939084850506658
8.041539160957997,3.062531608716122
5.859723061950348,1.6702543416064919
8.573221340518463,0.7501957583088328
7.521997107910048,2.124610895899333
19.797409097096235,0.5279784367835099
8.007420362350718,0.02897172274407869
17.444617261850805,2.8908439926698204
22.795527261632227,1.954966167977932
9.55070938034637,2.873513891818843
24.258512585289573,0.07943274665532946
8.78975528447613,3.6294785213858005
31.611335617349727,1.93267592182792
5.748241934498892,1.6574543721485042
14.292909157279906,1.9596011545043717
10.446809345849225,3.9965822338664396
8.923594510100106,1.7683079213838895
13.012869339242622,1.739531881967638
14.735305141080994,9.351004421574105
5.034982531933971,2.8271680562393993
6.461322578969672,1.1678459766691784
14.98746825014933,2.4578770753124357
13.782151081339778,0.9860711900962171
32.062343528324334,0.5198107824083489
16.451598862053924,1.8169024668376623
29.090456707015033,5.267243008232469
14.699817623016699,5.294084811731123
7.831169992026119,0.836812807540526
5.890715025696287,1.5001863849741452
17.179620608915847,0.47559047637512664
13.2659503796162,10.866492384029632
5.395085235612336,7.939082624648624
8.570927669662057,2.096840099772192
30.135284100352916,3.263510807413153
10.551598351906804,2.511235207169576
9.535347000580392,1.7986618273780364
9.895481576399991,0.10964745278393492
6.8744724740207666,1.2130743575809038
8.679883620473362,2.2465455618782633
8.6939126756163,2.2635003501952657
5.430202725888782,0.9340086422926958
16.673247772904396,5.684031489903096
9.309747381310158,0.3663006776461169
18.815862718263183,1.3877326630362796
20.19554150191086,2.3480771842829475
6.9059971548325,2.388941556419437
13.568447387770476,2.091881941964144
10.113542862085946,0.6439624779228672
21.97256431441888,0.33969512794191453
6.944124375730378,2.020874974984779
14.060990227067558,1.829095084921282
12.486890382744722,0.39533178729314744
7.7998815631212715,2.4425034276369773
6.175025939845501,1.2145702305755586
13.436145308683427,2.20379892062243
15.733550030283768,3.6325192818455805
8.034021525281414,0.3720048744446024
13.281328501443985,0.03866100824128207
9.02194576465094,3.020113754141812
14.991953366662004,1.8816660154384794
6.777305005648568,2.405544181756002
22.673851162183933,3.642232074700217
7.71078794187695,3.2471845775590706
8.668218521506711,6.484296423016382
5.478780982749648,1.5354616405525263
5.94587501085369,1.3407983106552035
10.803080703907249,1.027951827748881
7.491347737805796,0.33374157692127565
19.43779606197605,1.7001037184423036
5.1184192455555335,0.648726759385217
8.812605245237657,5.084415163802003
8.292012890733144,1.7502534522228945
5.156134813359017,1.7970989874653651
6.0624785864367094,0.876776328331348
9.270607243805964,0.1067790893983377
10.431817753871936,0.06451704308120962
9.144007065917776,1.1009880406268118
11.056157100106581,0.17671265973351363
12.233547103708133,1.8671126336260515
5.079787123665222,4.2568099364629
9.990389359732951,4.2897070903036285
31.483377768077105,2.1520119562188165
10.855640972678604,0.4745656616187025
14.054265705791172,3.9755024493082414
7.990148637519043,4.344753549321048
16.89745704536798,0.43793851401442185
16.85967541191744,2.674445317139281
10.893383409622054,0.6752004821541354
34.84222067628676,3.2454547788359833
6.073283258275,11.783527968204705
5.1367433604677375,0.06097203492404702
16.76291267167826,4.553169418958063
18.16697046452757,1.9490611089151262
6.024551095027765,7.252381723441355
7.469424514784279,1.2510126440267877
5.14166586165172,3.7597121426573454
7.777289726813253,0.1288510680513687
16.867443617024897,0.8167759011420681
10.83783420457656,0.1387356072830493
8.422858744746733,7.405399713194938
8.718400505274923,3.396253106181459
5.010836341554782,3.8284973097342796
7.851120191289656,5.560120535585934
13.31804069248414,0.17788863937464178
34.257323634281434,0.9742103574420438
20.021719988997532,0.14736819271368207
5.191022267324132,0.47345352761002546
23.30634999377807,0.5210828739528158
17.230181525681218,1.2663903643399361
17.126710786791996,0.6254860967991647
9.899851622851568,0.21289578398062664
9.060053007961566,0.3666227067879234
7.886791759858504,0.3186376718259087
5.543617525074167,7.229533665998486
7.07260520346422,2.848345608603109
7.265310468007467,6.869185622368582
10.294383076474936,1.1587103712945028
16.008991060853724,0.6524812655643751
10.136740708925238,3.2018802146369403
5.476679120499873,0.7898039441005366
30.320747235174053,0.7115888739842574
27.87903329881635,0.5292492139763533
17.303993885823342,0.2777862896938434
42.98115586687955,0.5926736635124684
11.290566213170319,0.8780016383423299
31.3247686382632,2.241680262698221
5.628926827593359,0.12921537712732825
8.641623197170215,0.47272847054968303
7.043074635188729,3.3112112595127976
6.743587396418466,0.31780840824886575
6.21405589896868,0.8390625889351182
12.791647779135848,3.9999143640734847
17.16123432898528,0.3366605327033975
11.907658581566615,0.17272172767807925
6.271616125342601,1.325383367074683
18.333306766517232,0.7202747518555784
13.083815905739176,1.6575139865625435
8.930350358222247,3.257291316346257
13.970061256536544,0.29502532626943795
7.407813556789737,1.7383328830727258
8.387308275951703,1.408451687456386
24.958283215701638,0.311153893622715
7.7456090631237124,1.9563242155038065
10.078849097039154,0.6394201891424889
22.668470434094004,1.338214219389978
14.840381214749858,0.17170916382021603
5.513776099792582,1.2308323430119832
6.274808507237246,0.7319027259094274
5.062979981791789,3.456231322288964
12.973973654411932,0.11733287549123396
9.74892629608187,1.0846576073901444
6.153502404720828,1.226571159979007
30.348146746521778,2.5820125543856736
11.0343908370277,1.7079824391296545
7.215449042473638,2.200501283236406
10.554840416420124,3.001609087680057
14.10598821018605,3.96394700031567
5.634417078160406,0.7533923521313282
7.569401412680743,1.5444790698348136
18.159090418806816,3.6665143644792724
9.924525772458779,9.103473250571453
11.327441020846429,4.405829067747561
9.53657213441849,0.9287343284015575
5.3591416712012565,0.434239753297026
6.449775179401549,1.3443083178799513
9.718108539378209,2.70681387452814
6.877534465992192,1.3567893546702774
5.410169756289015,1.3201245960149812
19.845248371099444,3.64316461721973
36.78800882556192,0.8969658329129896
17.60581549254194,3.9292946446088846
20.381412818155823,1.0444635241230027
7.216333781673691,0.7956877641737563
30.877394838870305,1.2102356515034258
6.754464374731025,2.8747286970940116
29.197962545616413,0.26935444707962614
47.10251145591436,0.4373551171244483
14.950662253477455,6.050109024877095
36.76727911541157,0.3859359645019424
11.74320290047525,1.6773973627467769
7.403888579938556,1.731739352196458
9.595746743942478,1.345216950629064
12.202570110092942,2.0698402744452835
5.607117617710751,0.5222795160370358
12.790156827159608,1.6088828331658973
36.78176166300311,0.9309820694561635
6.68683152892267,2.167450857548966
17.584659489249958,0.3044932552420914
24.07893791161006,1.6920253184751257
28.016712287139967,0.4097978903413981
30.77817355558559,0.6532424122102826
10.896117776455636,0.49361724733901113
35.28591027887485,0.4038352959592348
16.327769789793386,3.494080320207032
6.41076139584685,0.6729256627813774
10.183862657106562,5.237985838081075
15.136186231370015,7.008223472904364
7.273136799838367,1.6938114009570275
13.186892419690823,0.30863734076045723
13.787309964151703,0.938562159509663
6.420580350388077,3.1963260604345747
11.660843101669263,0.9158046246973368
16.814197056331167,0.18207651520840312
10.527527561279488,1.6274001967779157
5.097415647101602,3.7302203064962662
5.072636510807234,3.17854900578378
8.533249534560854,0.385042329104034
25.850529416419214,2.2341510668796167
7.077182167711335,0.49821611989691567
13.04892900044176,0.49233192622348865
7.009010237844078,4.1440863274747155
8.104970948372445,0.5744815469842641
20.073213614033,0.611006111532981
15.441002445011177,0.0013072086281407382
5.802092984293352,4.0907610665774445
9.47875480624143,3.1461619497291666
5.236829278418017,1.9741182238451738
10.245118037086446,2.774715964639595
13.687954135164365,0.32986383547325965
6.009066027495667,1.226172987650191
7.727368258616275,0.8653213169686854
9.057811874262804,0.19693868718841515
25.15906854637688,1.3315718160826022
44.991648607218806,5.070034559411854
5.367608497453462,0.08176715752199795
16.450599042404598,0.6891001068077179
8.718206594443911,0.4652288581661595
8.986674215073386,0.5440024013938879
16.228011607962735,4.781402564769317
25.04999994269738,1.2624831985153424
29.115830292697648,1.255840591322481
11.885383547563709,2.8590354938077303
8.534392005195311,0.33563578022459695
17.392354476616788,1.3359936541809583
7.312145138230182,1.1241859567029782
11.642262727614188,1.8171942600818132
8.552547295013229,15.44705904412492
13.55159858390235,2.934565446945547
7.199694951108077,1.0145495477286919
6.701516538275541,3.5153312784570154
25.031647854317495,0.3743667847223361
5.858932949630335,0.061874697797474426
10.641076467278541,0.45743906766189246
6.996442151124201,0.8322784166646167
5.3176639497109335,1.4290716202211209
5.293468044890616,1.9096948618814267
6.541125947666615,4.829397099583864
21.12544785496578,1.4261039851194754
7.6556216533443955,1.3914034597919054
29.039664900286077,0.10309825384713728
11.97096519339091,0.07107105312942996
9.5903248785207,1.6021774346729378
11.941696809552827,1.1531425935417963
10.816914871960693,3.6549440158096265
16.376242948394786,0.350325488009119
7.6558147871898115,0.05057748782264078
8.483894980181013,1.1921816630487554
22.961649819044165,0.5422492972077465
28.418088935553204,0.10177490790139755
22.846449833578458,2.579048944220171
9.350207147979951,0.23665061522230058
17.12632393241222,1.8746176451331993
10.175236099293453,0.659926234422498
10.505911599578956,0.38110116594534493
6.832086933728361,0.9552702234893355
12.154870108591954,3.233386097031657
6.6476950197946465,0.9954686364875107
8.222525356583347,2.7787554131839127
20.44983876232284,0.2681746297822664
6.856221279304824,2.9635976126377273
5.59053549602421,0.5408197321442336
5.572033256551637,2.2626416349021126
27.612578346268368,1.6684150833005236
10.656677876126396,5.294231505256959
9.21309399841331,0.9798332239331273
18.322928333294662,0.13691143620456034
19.454623991047757,0.03868265794578303
8.2300249925031,3.5072929037568508
14.46338221733079,1.4877681549471213
16.796557864474096,2.98548028057035
13.505590978777764,0.534257754488062
6.315178008224395,0.8464958145330455
21.692250261935584,0.06113259594525442
11.19649888456739,6.513795391693862
7.65555121552355,2.2044450356247736
9.430257289502144,5.412256730803273
5.306360605621618,0.6171207844024639
6.094504926773312,1.890736897523789
16.60399258809712,2.2695152733625146
5.0000930785844035,0.764131150929663
9.310589201706168,3.7691873358163903
10.913699527470985,5.881028970363017
5.449468553251975,4.323128194874784
33.918540290230204,2.6869830347693426
7.050762761464902,0.6499779479932112
7.901529409073362,0.6615021851373677
7.898584197791669,6.613246970024861
7.095248241803157,0.020675493568156903
5.0117992738430805,2.5179140368486164
15.4552765685975,2.4500262999348728
32.252614551221995,1.9493738632326567
7.0318482435536875,9.232228930835943
13.702499147684698,0.7475824353715758
15.835151530244993,0.8309456285080682
20.093417824296278,0.16445890008982766
9.394164635097805,1.169655385519999
7.886965936474794,0.6050460498382328
8.147839354517084,0.841320043145463
14.975636287939386,3.598435912507053
18.576518005040423,5.4816999673019655
6.603369053133118,0.4109340907290141
8.708241919734244,0.9320516832576722
23.577421993416262,5.27977108420815
18.147826949834965,0.12760230226034266
38.52247630945901,0.19381607324077602
16.227467506560327,0.3553630509121296
8.996384983069316,1.8087877327407424
12.145240186399665,0.3261493937121577
13.654377763303394,6.888818299506755
5.653636443638649,1.1837623701721773
11.290823090819284,1.3923754380319784
14.884280986854622,0.5664735769140938
6.464859442503558,1.2733834255441538
17.136026447792894,2.168907782794871
12.012191737175542,2.7820280581350167
29.32948408888411,2.8037752752665432
5.3467872841769,1.7249839428761053
7.466628822475505,4.694323567516814
12.36146396129795,3.401000574268329
7.814180552837081,2.829783716243495
15.025981281510072,0.11442264109641366
16.383842119278782,0.013803448842989535
5.865279568308752,0.4776499218606454
10.769977948360607,2.1784544959946626
10.688706199918524,1.0593288935422118
8.687155809498055,1.029688238560299
26.615534670137404,4.318474622336869
19.059157441024652,4.518339612061791
14.557709933987038,4.797647216315546
15.023249630604397,0.7533998720417655
9.954953953834206,2.349189284300964
25.305904605696302,0.6339009716207856
14.488943306673672,0.42294839042242716
15.444532618842265,0.4082325896378623
20.826114166972573,0.837427837154539
7.562431015430196,1.1240891393079775
18.163460280996794,3.5551116925828463
6.7376954551922665,0.2554192434996594
8.389137953328117,2.6554913419744177
8.271093090161823,1.5162458950921394
35.72710097802093,0.6792012092240152
20.533437410979538,1.3577769792850536
14.663039727879104,0.7131843798030919
15.387931387361714,1.813086562201032
11.605620637473049,1.1377709682391448
28.513404244073612,0.3592237324366271
10.485540330568448,0.24791604113780458
8.830969325457367,1.5823831910788086
6.423787423521214,4.6540226644950105
17.34192574306496,0.8430599798391506
15.60743425577762,2.641014044329653
8.880678742792675,2.1497604009439484
5.204129607635129,5.363447047947478
19.610674528885134,3.440526860311973
5.091869352834109,1.6722126480448016
14.731056645281903,2.140227503807789
33.121321263518496,4.573157099590866
9.60520793309567,1.0200478390565761
7.142757448389656,0.7914099051033852
14.762742112958385,0.02173989608602943
18.591756808074603,3.5037441973511543
11.324850905511205,3.228706952125036
32.29853789122467,0.2206445387597513
5.424411104340493,1.7200919926377591
10.62227735142859,1.247173946566477
15.139673978798225,0.25273501897861395
20.88122793944543,7.881691544475004
6.580348481279639,0.48336846343239814
17.87564257123234,0.13920221304282557
11.436332699198639,1.8069828842524183
9.040785548022235,2.685448372998121
6.129882480915942,0.06596280417710608
21.03738968483404,2.1500902108200615
6.368899711010488,1.5198216883766327
7.96605022577946,0.21798979935337665
7.740435524221766,0.3787500529261165
21.40926082960248,1.678540391108766
13.935097965809035,0.7029700512538606
17.743848466485126,5.571452603967907
7.3064490575458105,3.4156481608107057
12.84394859981253,8.216952675742402
11.784310096980288,0.6013207589087683
19.30997019354334,6.994775662246797
23.923096809680594,1.1285718966261697
5.09785015527177,0.853945890557428
13.967352007116288,0.10332257042700979
5.425820672369782,0.10841667349013095
11.367796858959117,2.355384083915408
7.713293364559088,1.224716559087638
7.931223716235695,0.5137151360723027
8.482758797432936,1.903681971714877
12.767928041106089,0.5830003529532294
8.252325078262672,1.7237554508414623
15.555040831942149,0.8901030668379648
9.147199030190635,3.4694606957593233
5.56641205130871,3.437346972513234
17.25092518866667,1.2976880334835583
7.692271143613711,0.8640877579596332
9.535879301287544,0.9005896097459647
14.252742296254606,3.2768533687302384
8.233201669523982,0.7955281232593031
5.465997630591184,0.46906475121607016
8.746230342817178,0.17698132345736298
28.123569993344258,1.2573165246216855
13.211845285368897,1.3160701729296929
13.905239749560332,3.676554186225306
13.003514853889108,0.5001013879775742
6.775076143430181,0.9592718178613465
9.334869164087138,3.3047507327325043
16.120485104789392,3.470269984302313
5.8550969764349095,0.9710016285434195
7.60420999714636,1.229130549272837
7.587237930464816,0.7227602515012738
9.525337472367848,5.392882050795809
36.44505706623725,0.2525867652161339
5.559110867968984,5.428622209483917
10.85013254964758,2.3031810678000015
6.58141168540409,1.5167463940666266
33.234940681806194,0.06640854301125658
5.96202020124434,1.2909865302943977
9.13476301423791,1.0476464725813395
15.711775058941665,0.3516108149065415
14.754165189625247,2.1366100778306083
9.395542584159276,7.091353475526076
8.403597831454563,1.651935074070447
9.054833211473007,2.5088015530496706
7.455204706160314,0.1418117986726342
6.8386563429707,1.0814256454860303
10.278313534947042,0.24740764959332434
7.501633647631481,1.8976063366165858
7.7113725170697105,5.576856071809165
13.554511195065473,2.1681040067660526
32.67162855445052,0.15982537026824634
12.403402615541339,0.8759751687966058
5.640830390879561,1.5999659208405992
5.628741395908409,1.032372452757735
29.19687725945944,3.5872505432126136
7.822496917746875,3.371245360764361
5.7726774105664544,1.8926290379403965
12.311240382070594,0.9350787604305564
12.81785977040467,0.5896453419404587
13.364474246585054,0.223817860070722
7.489265573356528,0.8766926890268164
5.121808111079129,1.0660487975713995
31.822771529663704,2.2529307700499657
7.310988076154127,2.1468239473125026
14.016743219569287,0.14537395755986227
14.81056179560061,1.0059110667654143
12.533020465534559,0.40124529087558436
8.002289587872713,0.3411323385678021
7.529708728260528,3.5124234834392722
12.283826905762872,0.08563800926202912
21.085035339951922,1.086638664533173
28.459615687540506,0.3683352933792357
5.895553161259417,4.229395038479039
6.345726774904776,1.628553930414228
28.165106077591354,0.5263188156001624
15.670684910469781,1.3960271532276165
22.164228530755576,2.62970712894599
6.811518164399937,6.345798703188005
12.085818138117672,0.49806664630656744
14.66222948456865,4.346305191012331
14.118271890793421,5.445437951924127
9.196039292031546,4.963915074167379
5.12411698771532,2.0179875890680314
11.99593400872537,1.9875353460750629
7.334608259028116,1.0323820944966653
9.786394986781602,2.7918643706313087
30.281274076004348,1.5155592238445301
9.073752887757697,2.262920267964171
19.650738188115533,1.1188342788054821
6.671367449370372,2.6297823916412724
13.92917291570378,3.479907912785409
35.18050780548532,0.31667010965937503
5.859729411365021,3.5786813805583186
5.066837969001959,1.5543472633835906
9.547394854600551,3.7243541128698676
5.77759996590888,1.128810450195367
16.038820423166086,0.9529787860547769
24.678465863170526,4.931637556142718
9.553586045769901,0.5784846247824049
7.3949246599625535,3.7185225166839624
9.558992260266763,1.3233767669992873
15.282846015648476,1.4434861164356105
5.072763196857829,0.7376925195779662
12.122138178315824,1.7021402022541303
12.600676622817165,0.7867110408799737
13.122001930825343,0.08012251424545348
7.216808184211213,0.6349046301030229
15.015582661058692,0.012798952891657462
5.7667276448466875,7.6659419203070485
6.777855100715187,6.747974504950287
21.795198094244167,1.0055670878773795
15.737397669162634,2.606635156163371
5.110727190871412,0.8487029717142813
7.284155411869446,2.223961441097876
6.930526194067781,3.2739270094706847
7.526527314154222,5.865749504970395
7.27546971565698,1.0223589588966306
5.516532562586518,3.058464124963034
9.913808442737084,0.6182975528310521
15.556071173594164,9.277930478459176
12.466106125559339,0.05221490347374638
13.939221874425176,1.8503037850078912
5.677051974625559,2.1547154416096235
29.20799965307211,2.329796236194601
19.585596585266316,0.25654779794001237
18.08175199590558,5.578405011178066
18.85211242923785,0.3997900082327315
26.59000954557107,1.9497124051080754
11.286556542800282,0.5037962578041653
6.787969086394776,0.7340752372778347
12.673243654380627,1.5813371902895457
15.865745489878684,1.0797998238785835
15.712764258987205,0.3492439916158676
10.895940329573722,0.3749168215421764
5.567318188696296,1.0830672782256707
8.710428726050356,2.8317180677474587
25.28285966962613,4.564871852436246
12.025197690984655,0.1757565865992188
11.18327310427909,0.9987953694333348
7.505131588686911,0.2112668029374933
8.676611628425178,0.033463355475233054
23.056771680472046,2.167754859597279
13.784012941968522,1.8448663259091052
17.386254344599685,0.35590808970487425
9.84615317137039,0.5326575917358913
12.959365258840174,0.047986609297617305
7.284233625570705,3.602979781542269
14.778746244831874,7.353158509250842
9.4633564905789,0.2911143392539817
9.6749953592318,0.5265649275567494
13.38310224842563,4.056121266254435
27.026132376877907,5.2199548984198305
5.529172664738392,1.0881698765671586
18.932025321657214,0.10389748622918002
7.766819585169085,0.08037737706170833
9.69473703382317,1.7063965087062467
5.177255935915755,0.9981074007377222
7.86536366855711,0.0581418433592142
10.587388491741034,1.7505489955395312
5.46252522278364,0.022733791324836466
10.403962828511798,3.0964218443843694
25.950499608996626,0.7318143537444645
5.890968056726597,0.08218156755093482
16.56634169391041,1.7751744011429362
9.2166028863786,1.0139474850331223
13.517716072960985,7.284023290659967
7.411398967316522,1.5713964555638555
6.3899929631614665,0.643827166873361
6.399234161025752,2.471882552134239
5.584798452805374,0.6335133508574036
6.6428878694215125,4.6918891794943205
13.730378110290657,0.9391177619454292
22.07561721806556,1.5964313122921618
18.46147650129126,0.1037934872196247
14.244872893091657,1.1106742418329052
5.936153390485051,3.5719151416091206
7.730772171875437,3.2761769497430455
7.966270637727709,0.50802671413871
7.300997354369615,0.5125711390787284
10.788944460938614,3.399877784348707
11.135276663518752,5.329936026365575
8.531465903338063,0.20043844572750685
8.493035590278657,1.195887247156446
19.1079700078167,0.8233314212377133
17.458288130152624,4.091061424502781
7.942994607653629,0.1744407933309361
24.607608388022665,0.4742971877827222
29.42943675076804,2.7924335524242885
8.165019758302321,0.10531233795075003
8.500910456993491,1.3566565723792547
10.635835646166882,1.1671763068455399
27.658140835850823,0.8141363215878751
21.720424887142297,1.0036403077421554
5.865743086512434,1.5097923629609291
8.990264001872381,0.35196504213663665
5.431975269701557,7.099755983019232
6.832593975799918,3.1774743002369936
6.560965578740954,2.7532987393908623
2.923399428162642,7.780879684845965
2.8954968184488434,2.648267356258443
3.60904620646948,4.8709464206431345
4.166448358046223,5.5133823727598115
4.450733488450895,5.24824652544463
6.078183301000072,2.516192942197659
2.3400825929950124,2.342161484021716
2.2080362253563983,2.632900564766214
4.351463377663454,5.513526103235675
6.182982152827883,5.266069325805926
3.1606120577388954,3.4024447522204655
5.84902688753751,5.826644851073549
3.558968827641797,6.920405012333896
7.3165166528810985,2.249473759079563
7.374139665599699,4.9887796612882545
3.783723225687959,6.135862472616141
3.379962523779443,3.5138715624181227
4.467823832397388,3.846625431758895
3.4431895110808926,5.681827417936303
6.034303059750222,7.387611760662422
6.956388107289714,6.859546521817396
6.038552785467302,5.498781314597501
6.946102683496097,6.381330306543495
4.381952973244845,4.188934821246792
2.9379018242531654,5.845793168592547
6.427705684385553,4.797089546765342
4.162847030849323,3.1396168187453655
6.027624951374795,6.210429643263543
3.623863651890594,5.3387878240929325
2.4873778088400362,4.151729491721548
7.955490772926581,7.468035140471784
2.937209047583596,2.1256047069603996
7.9305259637808865,3.894638907496976
7.8636795953986836,2.3412883866658794
6.762908623448238,6.599163897329763
5.956537772491986,6.212644724682756
5.466842301506508,3.9881133124179025
7.196609272267008,6.053977413242438
3.736637129716928,4.375623357175699
4.806087274909262,6.537522748534606
5.716339816199012,4.725101976420237
4.467142855216947,4.4736783669899935
4.564918724541608,7.608379492929806
3.981708005012506,3.5052745993442014
5.385390900107216,2.7226840399793923
7.103447168090696,5.507258679556749
3.209170268037877,7.8159308737050734
7.606598232520648,4.2670352823631195
6.134525922489378,2.372220581772689
6.939639276080181,4.035831603857405
5.33714415578007,5.035589925917351
6.677100208544381,2.9715380397932822
2.0972023840368035,5.9486133083389525
6.910282548677211,7.986496334061203
2.240833154512199,4.710436855888663
7.339480258177175,4.128371340381276
7.95177648343186,4.4042250010068
3.764404773060667,2.690877070371207
3.261911337714762,7.299641608557343
6.592180183148244,4.488953933128112
3.5181580455215196,4.323646468549048
7.193374299033221,5.958141637582846
2.6170555529448603,4.652200525586741
2.7557311782761493,5.889400812847076
7.8749093306036935,2.368677740784725
6.043033389620028,6.882340062333364
7.081323346573717,7.6430237172764155
3.945976264109108,5.892592316956316
6.0589024971236265,7.727395573152864
5.565450963851584,2.90859388621978
5.618900720737682,4.864497136882122
6.095194757226329,5.610840403672683
5.452155038774592,5.49041988452712
4.574374215815996,4.408770674534259
3.655536166283281,4.028506456197569
6.611487985479212,2.7609441353025126
3.357634580019117,4.35045470337367
6.154125836926485,2.975964890632911
3.3999969358959596,6.406194058953311
5.751981019726723,3.2529856129675396
6.482469602774174,2.351391831707203
3.312283333439235,5.314196826903406
2.3596598051678495,5.57137839631641
2.7858424579650443,7.231478367683033
5.635981803626153,5.461889674506091
7.096678437354413,4.072885122340674
2.269980927412546,6.818071289157923
6.404907554249878,5.241673359124526
4.047911875700313,2.4756817077871505
4.871170219517135,5.39510336187948
7.573157299073394,7.4481112725299745
3.991829028415073,4.377875752989324
4.7920216036369165,3.7779548113988004
2.0820944885640866,2.8608167421081205
2.48959232002903,2.9086731316121437
3.551549546808704,4.596628906050913
2.1671134449264464,5.574078944969177
5.788251956289506,2.4836924310176105
4.558390140809735,7.637411534150994
5.288871216368133,6.530801704671175
3.047883115377977,5.519743509701976
3.7755921766196967,6.970632025633945
5.982946849116351,2.4811205408726797
7.791816341782399,4.8610332663987466
2.302500641613255,5.7805587611699805
7.342305925131597,6.971917436709735
5.461287207867251,6.7008173602956065
5.3835174005337425,3.6624154982803976
5.0016712112465616,7.6452810173552255
2.4163645154251006,2.7460750485852223
2.5392611104169642,7.250801711726913
5.605472033954516,7.8256414976277116
4.04575142861335,3.0629211393357534
7.503608399466084,6.332396385222712
4.439543224156834,2.241713112667991
2.8596887522158463,4.43253695083493
6.288313001012217,5.097699795186044
3.760120528646059,5.483871355457804
5.152821844135359,7.615623489491357
6.18699671303102,6.033504123765168
7.401584667212422,4.887667707315422
6.753147168810057,6.858050217595336
6.058166407236344,7.703196925726454
6.077799094370862,2.132396892093745
7.675547864192519,7.895127633536232
3.7749445849792163,2.5167928343820822
2.0066725651771247,6.886320675612568
3.631727356389192,3.6820085153084747
3.3073482777604637,2.7930779465232307
5.9710075106839895,4.639133838283009
5.802269598593174,5.863739476685681
5.560768296228343,4.2857110701408505
2.097460659256722,2.3273924496961937
6.372668326703884,5.5967668379523
3.9411824749129494,7.414419656664048
5.990335934039787,4.29929219568351
5.33947057101292,3.297996665784962
4.056385552567443,4.655464075596893
2.8074576026246465,2.2901762662926854
2.5665133859628857,6.922925506881649
6.989109998673341,6.958044865701121
7.510385252489348,5.52800278057777
5.8987282805857975,4.118617333630337
2.6206046891629002,6.7987001866747
4.412163301329445,5.328122148730203
6.373635200630943,6.955593851300097
6.678925304060408,5.788752755498123
2.7093117337465316,6.706432839276784
2.0001843130722943,5.59137795930656
6.27282227528363,4.484846409293997
4.139577055917234,7.747675159556826
3.5268879897095617,5.246682949273069
2.0773848187371526,5.63053711124323
5.241796440568998,3.3229258364884955
7.10690441255589,5.753904736563658
7.745789877635527,5.429645896897663
5.394469703679736,3.1090303876821497
5.086767966439365,2.357522584118862
2.5103383129354464,5.626155918288626
5.293236809255599,6.582153616101923
4.2798744737923675,5.140408225532049
5.642811685301462,3.360635751917874
4.33235808725928,5.99913186015821
3.4417947407022007,2.4806343596576133
2.569791651370259,4.651002228811728
3.8895106675333744,2.980200550390521
2.579869005726514,3.1067543063593
3.0613817049439036,3.213763694949222
7.924016951477276,4.320242342263867
4.6646213414397115,2.3069012337223858
5.191230599030099,4.386760645574589
7.241711172423292,5.070244682688205
7.973413402944127,4.8997657097979515
5.496286696068089,4.296704602418243
6.87484292626503,7.034879648424515
3.9616461460200516,2.8719601545230247
3.8344637446837466,5.034180462688244
4.416222325967361,2.3722485017393256
6.035043576041895,2.4269340732674585
6.093150135530593,5.443195098062578
3.891436607896705,5.3961105493269255
2.799259544819772,7.268201077066742
5.794377538793052,5.347242053960439
2.769955173132587,7.758746122429101
5.470955049375981,2.292169090399579
6.160532768337854,2.5880461086844466
6.20366897836671,2.264395169422288
6.520832663957581,3.11166110200124
7.237156529393987,5.247620665650069
4.999753951788731,5.873433088564568
6.381495137177427,2.273510947692013
5.715036412195021,7.6758253390735955
3.1198396387860954,7.052992259902286
2.154137869216449,3.779674892942559
3.7072483140616024,2.4631251813588078
4.658202238025717,3.019322439314344
5.702635666571938,2.761666482529836
