subset,model,fold,seed,target,n_graph_groups,n_pairs,n_member_records,true_abs_delta_mean,pair_delta_mae,pair_concordance_ties_half,pair_tie_fraction
CONTEXT_EXACT,visnet_3d,0,11,dipole_moment,11,12,23,2.5607166666666665,0.6235069467862449,1.0,0.0
CONTEXT_EXACT,visnet_3d,0,11,hl_gap_ev,10,24,26,0.19009420908341665,0.21594135989479324,0.2916666666666667,0.0
CONTEXT_EXACT,visnet_3d,0,22,dipole_moment,11,12,23,2.5607166666666665,0.5278753115971883,1.0,0.0
CONTEXT_EXACT,visnet_3d,0,22,hl_gap_ev,10,24,26,0.19009420908341665,0.17797740858203048,0.875,0.0
CONTEXT_EXACT,visnet_3d,0,33,dipole_moment,11,12,23,2.5607166666666665,0.5491961932182313,1.0,0.0
CONTEXT_EXACT,visnet_3d,0,33,hl_gap_ev,10,24,26,0.19009420908341665,0.19318494873746686,0.4583333333333333,0.0
CONTEXT_EXACT,visnet_3d,1,11,dipole_moment,12,21,30,2.334757142857143,0.9703160310291106,1.0,0.0
CONTEXT_EXACT,visnet_3d,1,11,hl_gap_ev,17,30,45,0.27761963294366665,0.3287133702280092,0.3,0.0
CONTEXT_EXACT,visnet_3d,1,22,dipole_moment,12,21,30,2.334757142857143,0.7429179988861084,0.9523809523809523,0.0
CONTEXT_EXACT,visnet_3d,1,22,hl_gap_ev,17,30,45,0.27761963294366665,0.2530299368532822,0.6666666666666666,0.0
CONTEXT_EXACT,visnet_3d,1,33,dipole_moment,12,21,30,2.334757142857143,0.7765467026120141,0.9523809523809523,0.0
CONTEXT_EXACT,visnet_3d,1,33,hl_gap_ev,17,30,45,0.27761963294366665,0.3154862428621208,0.3,0.0
CONTEXT_EXACT,visnet_3d,2,11,dipole_moment,9,14,23,2.3384714285714283,0.28343337116241446,1.0,0.0
CONTEXT_EXACT,visnet_3d,2,11,hl_gap_ev,11,17,26,0.1946414451477647,0.1424687147701027,0.5882352941176471,0.0
CONTEXT_EXACT,visnet_3d,2,22,dipole_moment,9,14,23,2.3384714285714283,0.3071076013837543,1.0,0.0
CONTEXT_EXACT,visnet_3d,2,22,hl_gap_ev,11,17,26,0.1946414451477647,0.16473775375468916,0.6470588235294118,0.0
CONTEXT_EXACT,visnet_3d,2,33,dipole_moment,9,14,23,2.3384714285714283,0.27952922355106885,1.0,0.0
CONTEXT_EXACT,visnet_3d,2,33,hl_gap_ev,11,17,26,0.1946414451477647,0.21820126094092818,0.7058823529411765,0.0
CONTEXT_EXACT,visnet_3d,3,11,dipole_moment,7,7,14,3.3480571428571433,1.0822059781210769,1.0,0.0
CONTEXT_EXACT,visnet_3d,3,11,hl_gap_ev,12,13,25,0.4062450648170769,0.33431825851866875,0.38461538461538464,0.0
CONTEXT_EXACT,visnet_3d,3,22,dipole_moment,7,7,14,3.3480571428571433,0.8960670757293705,1.0,0.0
CONTEXT_EXACT,visnet_3d,3,22,hl_gap_ev,12,13,25,0.4062450648170769,0.39568915558691803,0.46153846153846156,0.0
CONTEXT_EXACT,visnet_3d,3,33,dipole_moment,7,7,14,3.3480571428571433,0.9518862074170799,1.0,0.0
CONTEXT_EXACT,visnet_3d,3,33,hl_gap_ev,12,13,25,0.4062450648170769,0.37147734218326384,0.46153846153846156,0.0
CONTEXT_EXACT,visnet_3d,4,11,dipole_moment,10,11,21,2.5486727272727276,0.724073876987804,1.0,0.0
CONTEXT_EXACT,visnet_3d,4,11,hl_gap_ev,15,18,34,0.23425980070444444,0.19793520323835254,0.6111111111111112,0.0
CONTEXT_EXACT,visnet_3d,4,22,dipole_moment,10,11,21,2.5486727272727276,0.8897521003029564,0.9090909090909091,0.0
CONTEXT_EXACT,visnet_3d,4,22,hl_gap_ev,15,18,34,0.23425980070444444,0.2837349745641409,0.5,0.0
CONTEXT_EXACT,visnet_3d,4,33,dipole_moment,10,11,21,2.5486727272727276,0.8729550064780494,1.0,0.0
CONTEXT_EXACT,visnet_3d,4,33,hl_gap_ev,15,18,34,0.23425980070444444,0.2783419584625498,0.5,0.0
G0,visnet_3d,0,11,dipole_moment,61,97,144,3.912979381443299,0.9301386257092975,1.0,0.0
G0,visnet_3d,0,11,hl_gap_ev,57,101,136,0.22635832061675246,0.2661618516442277,0.42574257425742573,0.0
G0,visnet_3d,0,22,dipole_moment,61,97,144,3.912979381443299,1.1037672376180427,0.9690721649484536,0.0
G0,visnet_3d,0,22,hl_gap_ev,57,101,136,0.22635832061675246,0.27013690405279417,0.6138613861386139,0.0
G0,visnet_3d,0,33,dipole_moment,61,97,144,3.912979381443299,0.5384123998150384,0.979381443298969,0.0
G0,visnet_3d,0,33,hl_gap_ev,57,101,136,0.22635832061675246,0.22478328102303166,0.6435643564356436,0.0
G0,visnet_3d,1,11,dipole_moment,70,117,166,5.253703418803419,0.8156868183364218,0.9914529914529915,0.0
G0,visnet_3d,1,11,hl_gap_ev,68,103,166,0.24080227510184463,0.25487092102830494,0.47572815533980584,0.0
G0,visnet_3d,1,22,dipole_moment,70,117,166,5.253703418803419,0.778075835226336,0.9914529914529915,0.0
G0,visnet_3d,1,22,hl_gap_ev,68,103,166,0.24080227510184463,0.20897158786321424,0.6796116504854369,0.0
G0,visnet_3d,1,33,dipole_moment,70,117,166,5.253703418803419,0.7004365217616416,0.9829059829059829,0.0
G0,visnet_3d,1,33,hl_gap_ev,68,103,166,0.24080227510184463,0.23309873402472933,0.49514563106796117,0.0
G0,visnet_3d,2,11,dipole_moment,59,87,139,4.1516091954022984,0.7228294084570875,0.9770114942528736,0.0
G0,visnet_3d,2,11,hl_gap_ev,55,83,127,0.2536855248588434,0.18668521445101532,0.6024096385542169,0.0
G0,visnet_3d,2,22,dipole_moment,59,87,139,4.1516091954022984,0.688903753942731,0.9655172413793104,0.0
G0,visnet_3d,2,22,hl_gap_ev,55,83,127,0.2536855248588434,0.23314994473905273,0.5662650602409639,0.0
G0,visnet_3d,2,33,dipole_moment,59,87,139,4.1516091954022984,0.6093126722489278,0.9770114942528736,0.0
G0,visnet_3d,2,33,hl_gap_ev,55,83,127,0.2536855248588434,0.2827330448799231,0.46987951807228917,0.0
G0,visnet_3d,3,11,dipole_moment,55,69,124,4.51579420289855,0.8357794831980827,0.9855072463768116,0.0
G0,visnet_3d,3,11,hl_gap_ev,47,62,107,0.4508048914305968,0.3963233821954833,0.5806451612903226,0.0
G0,visnet_3d,3,22,dipole_moment,55,69,124,4.51579420289855,0.9553448761262755,1.0,0.0
G0,visnet_3d,3,22,hl_gap_ev,47,62,107,0.4508048914305968,0.4398790793128311,0.532258064516129,0.0
G0,visnet_3d,3,33,dipole_moment,55,69,124,4.51579420289855,1.0420511992413064,0.9855072463768116,0.0
G0,visnet_3d,3,33,hl_gap_ev,47,62,107,0.4508048914305968,0.4000151448297146,0.7096774193548387,0.0
G0,visnet_3d,4,11,dipole_moment,51,63,108,5.784490476190477,0.6228954489995564,0.9841269841269841,0.0
G0,visnet_3d,4,11,hl_gap_ev,56,70,124,0.2446342496923143,0.20234472558515781,0.6428571428571429,0.0
G0,visnet_3d,4,22,dipole_moment,51,63,108,5.784490476190477,0.7633243078988694,0.9682539682539683,0.0
G0,visnet_3d,4,22,hl_gap_ev,56,70,124,0.2446342496923143,0.24420330496392628,0.6428571428571429,0.0
G0,visnet_3d,4,33,dipole_moment,51,63,108,5.784490476190477,0.7231084968687994,0.9841269841269841,0.0
G0,visnet_3d,4,33,hl_gap_ev,56,70,124,0.2446342496923143,0.22886758497676155,0.5857142857142857,0.0
S1,visnet_3d,0,11,dipole_moment,49,62,111,4.392035483870967,0.5998047082962529,1.0,0.0
S1,visnet_3d,0,11,hl_gap_ev,46,71,106,0.2170663778611127,0.225918002633706,0.4225352112676056,0.0
S1,visnet_3d,0,22,dipole_moment,49,62,111,4.392035483870967,0.5908319203653641,0.9516129032258065,0.0
S1,visnet_3d,0,22,hl_gap_ev,46,71,106,0.2170663778611127,0.2528695921758151,0.676056338028169,0.0
S1,visnet_3d,0,33,dipole_moment,49,62,111,4.392035483870967,0.5366205303069084,0.9838709677419355,0.0
S1,visnet_3d,0,33,hl_gap_ev,46,71,106,0.2170663778611127,0.23518159874794103,0.5915492957746479,0.0
S1,visnet_3d,1,11,dipole_moment,61,105,145,5.21434380952381,0.829558775671096,0.9904761904761905,0.0
S1,visnet_3d,1,11,hl_gap_ev,57,91,143,0.23083628270825274,0.24830710232166636,0.4725274725274725,0.0
S1,visnet_3d,1,22,dipole_moment,61,105,145,5.21434380952381,0.7270182487342471,0.9904761904761905,0.0
S1,visnet_3d,1,22,hl_gap_ev,57,91,143,0.23083628270825274,0.19737763651080123,0.6813186813186813,0.0
S1,visnet_3d,1,33,dipole_moment,61,105,145,5.21434380952381,0.6707113765135265,0.9809523809523809,0.0
S1,visnet_3d,1,33,hl_gap_ev,57,91,143,0.23083628270825274,0.22245237475924046,0.4725274725274725,0.0
S1,visnet_3d,2,11,dipole_moment,52,76,121,4.390015789473685,0.6084926328709251,0.9868421052631579,0.0
S1,visnet_3d,2,11,hl_gap_ev,46,72,107,0.25224577114112495,0.17814663271035946,0.6111111111111112,0.0
S1,visnet_3d,2,22,dipole_moment,52,76,121,4.390015789473685,0.577733216009642,0.9736842105263158,0.0
S1,visnet_3d,2,22,hl_gap_ev,46,72,107,0.25224577114112495,0.2322765625156632,0.5694444444444444,0.0
S1,visnet_3d,2,33,dipole_moment,52,76,121,4.390015789473685,0.5850183056931746,0.9868421052631579,0.0
S1,visnet_3d,2,33,hl_gap_ev,46,72,107,0.25224577114112495,0.27321334501633454,0.5,0.0
S1,visnet_3d,3,11,dipole_moment,45,57,102,4.7027947368421055,0.8518197436282507,1.0,0.0
S1,visnet_3d,3,11,hl_gap_ev,43,56,98,0.4714907176488929,0.4173754926106417,0.5714285714285714,0.0
S1,visnet_3d,3,22,dipole_moment,45,57,102,4.7027947368421055,0.9159738536767791,1.0,0.0
S1,visnet_3d,3,22,hl_gap_ev,43,56,98,0.4714907176488929,0.4574103698258463,0.5357142857142857,0.0
S1,visnet_3d,3,33,dipole_moment,45,57,102,4.7027947368421055,1.0278169272774142,0.9824561403508771,0.0
S1,visnet_3d,3,33,hl_gap_ev,43,56,98,0.4714907176488929,0.4028561787365891,0.7142857142857143,0.0
S1,visnet_3d,4,11,dipole_moment,44,55,93,6.100592727272728,0.6441588885567405,0.9818181818181818,0.0
S1,visnet_3d,4,11,hl_gap_ev,50,63,111,0.2286058793398889,0.20305343469851822,0.6031746031746031,0.0
S1,visnet_3d,4,22,dipole_moment,44,55,93,6.100592727272728,0.7659330314081363,0.9636363636363636,0.0
S1,visnet_3d,4,22,hl_gap_ev,50,63,111,0.2286058793398889,0.2392296960879178,0.6190476190476191,0.0
S1,visnet_3d,4,33,dipole_moment,44,55,93,6.100592727272728,0.7793682739188453,0.9818181818181818,0.0
S1,visnet_3d,4,33,hl_gap_ev,50,63,111,0.2286058793398889,0.2260016447738167,0.5396825396825397,0.0
S2,visnet_3d,0,11,dipole_moment,23,32,55,3.20031875,0.6335261762261393,1.0,0.0
S2,visnet_3d,0,11,hl_gap_ev,24,42,57,0.19942706667564286,0.21206954554834448,0.40476190476190477,0.0
S2,visnet_3d,0,22,dipole_moment,23,32,55,3.20031875,0.4713776936292647,0.96875,0.0
S2,visnet_3d,0,22,hl_gap_ev,24,42,57,0.19942706667564286,0.228471501697527,0.7380952380952381,0.0
S2,visnet_3d,0,33,dipole_moment,23,32,55,3.20031875,0.46218852164745333,0.96875,0.0
S2,visnet_3d,0,33,hl_gap_ev,24,42,57,0.19942706667564286,0.19514507555084912,0.5476190476190477,0.0
S2,visnet_3d,1,11,dipole_moment,30,48,75,2.780972916666667,0.6718012062629063,1.0,0.0
S2,visnet_3d,1,11,hl_gap_ev,30,47,76,0.24859048749872342,0.27132707260206723,0.44680851063829785,0.0
S2,visnet_3d,1,22,dipole_moment,30,48,75,2.780972916666667,0.6907540051698683,0.9791666666666666,0.0
S2,visnet_3d,1,22,hl_gap_ev,30,47,76,0.24859048749872342,0.2169347203356676,0.6595744680851063,0.0
S2,visnet_3d,1,33,dipole_moment,30,48,75,2.780972916666667,0.659043480817477,0.9791666666666666,0.0
S2,visnet_3d,1,33,hl_gap_ev,30,47,76,0.24859048749872342,0.2709333771764557,0.3617021276595745,0.0
S2,visnet_3d,2,11,dipole_moment,24,37,58,3.4252,0.4070628546740558,1.0,0.0
S2,visnet_3d,2,11,hl_gap_ev,26,38,61,0.22823908258381584,0.17586451541658057,0.5263157894736842,0.0
S2,visnet_3d,2,22,dipole_moment,24,37,58,3.4252,0.3550785158930599,1.0,0.0
S2,visnet_3d,2,22,hl_gap_ev,26,38,61,0.22823908258381584,0.19717654920843244,0.6052631578947368,0.0
S2,visnet_3d,2,33,dipole_moment,24,37,58,3.4252,0.4538539413555249,0.972972972972973,0.0
S2,visnet_3d,2,33,hl_gap_ev,26,38,61,0.22823908258381584,0.24457928184185468,0.5526315789473685,0.0
S2,visnet_3d,3,11,dipole_moment,22,23,45,3.5889260869565223,0.6590627403425134,1.0,0.0
S2,visnet_3d,3,11,hl_gap_ev,26,29,55,0.30281581273462066,0.2746320879276091,0.4827586206896552,0.0
S2,visnet_3d,3,22,dipole_moment,22,23,45,3.5889260869565223,0.755982256847879,1.0,0.0
S2,visnet_3d,3,22,hl_gap_ev,26,29,55,0.30281581273462066,0.29274443208240297,0.4482758620689655,0.0
S2,visnet_3d,3,33,dipole_moment,22,23,45,3.5889260869565223,0.6767942789326544,1.0,0.0
S2,visnet_3d,3,33,hl_gap_ev,26,29,55,0.30281581273462066,0.2721861643344013,0.6206896551724138,0.0
S2,visnet_3d,4,11,dipole_moment,19,20,39,3.6083849999999997,0.7332528272247315,0.95,0.0
S2,visnet_3d,4,11,hl_gap_ev,32,41,73,0.22990302916119515,0.17586464582037625,0.6341463414634146,0.0
S2,visnet_3d,4,22,dipole_moment,19,20,39,3.6083849999999997,0.9306590168571475,0.9,0.0
S2,visnet_3d,4,22,hl_gap_ev,32,41,73,0.22990302916119515,0.22516987034483982,0.7073170731707317,0.0
S2,visnet_3d,4,33,dipole_moment,19,20,39,3.6083849999999997,1.1144857341384888,0.95,0.0
S2,visnet_3d,4,33,hl_gap_ev,32,41,73,0.22990302916119515,0.23344203212988157,0.4878048780487805,0.0
S3,visnet_3d,0,11,dipole_moment,6,6,12,1.856716666666667,0.5083187795003256,1.0,0.0
S3,visnet_3d,0,11,hl_gap_ev,5,18,15,0.18429667206938888,0.23119895296154683,0.16666666666666666,0.0
S3,visnet_3d,0,22,dipole_moment,6,6,12,1.856716666666667,0.3854129444758097,1.0,0.0
S3,visnet_3d,0,22,hl_gap_ev,5,18,15,0.18429667206938888,0.1770863700417397,0.8888888888888888,0.0
S3,visnet_3d,0,33,dipole_moment,6,6,12,1.856716666666667,0.45326083653767907,1.0,0.0
S3,visnet_3d,0,33,hl_gap_ev,5,18,15,0.18429667206938888,0.21233201193036041,0.3888888888888889,0.0
S3,visnet_3d,1,11,dipole_moment,8,16,21,2.3429937499999998,0.7220520041465754,1.0,0.0
S3,visnet_3d,1,11,hl_gap_ev,8,18,24,0.30640020912983335,0.4145482673853469,0.16666666666666666,0.0
S3,visnet_3d,1,22,dipole_moment,8,16,21,2.3429937499999998,0.5661806874752043,0.9375,0.0
S3,visnet_3d,1,22,hl_gap_ev,8,18,24,0.30640020912983335,0.3061728333499178,0.5555555555555556,0.0
S3,visnet_3d,1,33,dipole_moment,8,16,21,2.3429937499999998,0.5299264027595522,0.9375,0.0
S3,visnet_3d,1,33,hl_gap_ev,8,18,24,0.30640020912983335,0.3650847463209905,0.2222222222222222,0.0
S3,visnet_3d,2,11,dipole_moment,6,10,16,2.2966,0.32864959167480456,1.0,0.0
S3,visnet_3d,2,11,hl_gap_ev,5,10,13,0.22811305090009998,0.13981519593569774,0.7,0.0
S3,visnet_3d,2,22,dipole_moment,6,10,16,2.2966,0.3839692035675051,1.0,0.0
S3,visnet_3d,2,22,hl_gap_ev,5,10,13,0.22811305090009998,0.2167932228666527,0.5,0.0
S3,visnet_3d,2,33,dipole_moment,6,10,16,2.2966,0.2626942496871948,1.0,0.0
S3,visnet_3d,2,33,hl_gap_ev,5,10,13,0.22811305090009998,0.3131071047407373,0.5,0.0
S3,visnet_3d,3,11,dipole_moment,6,6,12,3.267116666666667,1.054902863311768,1.0,0.0
S3,visnet_3d,3,11,hl_gap_ev,9,10,19,0.4795734711994,0.40536137307775705,0.3,0.0
S3,visnet_3d,3,22,dipole_moment,6,6,12,3.267116666666667,0.7946457781473799,1.0,0.0
S3,visnet_3d,3,22,hl_gap_ev,9,10,19,0.4795734711994,0.4576945372928448,0.5,0.0
S3,visnet_3d,3,33,dipole_moment,6,6,12,3.267116666666667,0.915279692268372,1.0,0.0
S3,visnet_3d,3,33,hl_gap_ev,9,10,19,0.4795734711994,0.440474087845213,0.4,0.0
S3,visnet_3d,4,11,dipole_moment,6,7,13,2.3667000000000002,0.6389513503483364,1.0,0.0
S3,visnet_3d,4,11,hl_gap_ev,7,10,18,0.23186822220210002,0.22557609363917272,0.5,0.0
S3,visnet_3d,4,22,dipole_moment,6,7,13,2.3667000000000002,0.8660868042537143,1.0,0.0
S3,visnet_3d,4,22,hl_gap_ev,7,10,18,0.23186822220210002,0.3544809131276982,0.5,0.0
S3,visnet_3d,4,33,dipole_moment,6,7,13,2.3667000000000002,0.8642898289271762,1.0,0.0
S3,visnet_3d,4,33,hl_gap_ev,7,10,18,0.23186822220210002,0.3347396037481716,0.4,0.0
