complex_id,metal,CN,metal_row,n_decoys,ranker_finetuned_mrr,ranker_finetuned_margin,mlm_pll_top1,bl_rule_validator_top1
tmqm_4054,Tc,8,4d,17,0.125,-4.9356,0,0
tmqm_3817,Tc,6,4d,17,0.1429,-4.6292,0,0
tmqm_5783,Os,8,5d,14,0.1,-4.5365,0,0
tmqm_536,Hf,8,5d,14,0.2,-3.9659,0,0
tmqm_6320,Fe,6,3d,17,0.1667,-3.9515,0,0
tmqm_3675,Mn,8,3d,17,0.1429,-3.6206,0,0
tmqm_1749,Nb,9,4d,15,0.125,-3.5021,0,0
tmqm_750,Ti,7,3d,17,0.1111,-3.4746,0,0
tmqm_1994,W,6,5d,14,0.0833,-3.2236,0,0
tmqm_778,Hf,6,5d,15,0.0769,-3.1413,0,0
tmqm_1363,Ta,8,5d,14,0.1111,-3.0532,0,0
tmqm_8237,Ir,7,5d,17,0.1429,-3.0495,0,0
tmqm_1722,Ta,8,5d,15,0.1,-2.9952,0,0
tmqm_900,Hf,7,5d,15,0.0833,-2.9708,0,0
tmqm_32,Y,7,4d,15,0.1,-2.9308,0,0
tmqm_838,Hf,8,5d,15,0.0769,-2.898,0,1
tmqm_1838,Mo,12,4d,14,0.125,-2.8678,0,0
tmqm_9902,Co,5,3d,14,0.0714,-2.8431,0,0
tmqm_3347,Tc,8,4d,17,0.125,-2.8421,0,0
tmqm_689,Hf,12,5d,17,0.0769,-2.8315,0,0
tmqm_2701,W,7,5d,14,0.125,-2.8081,0,1
tmqm_425,Hf,12,5d,15,0.125,-2.7859,0,0
tmqm_822,Zr,6,4d,17,0.125,-2.7657,0,0
tmqm_2208,Mo,6,4d,14,0.1429,-2.7571,0,0
tmqm_7852,Fe,4,3d,14,0.1111,-2.749,0,0
tmqm_1604,Nb,6,4d,17,0.125,-2.7209,0,0
tmqm_4184,Re,10,5d,13,0.1111,-2.7173,0,0
tmqm_212,Y,6,4d,14,0.1111,-2.6988,0,0
tmqm_2390,W,7,5d,17,0.1667,-2.6906,0,0
tmqm_7963,Ru,10,4d,17,0.1429,-2.648,0,0
tmqm_9114,Rh,6,4d,17,0.0667,-2.6252,0,0
tmqm_4113,Mn,7,3d,17,0.1,-2.5708,0,0
tmqm_7341,Os,8,5d,17,0.1429,-2.5415,0,1
tmqm_638,Ti,12,3d,15,0.1429,-2.5263,0,1
tmqm_2560,Cr,6,3d,17,0.1,-2.484,0,0
tmqm_1807,W,8,5d,15,0.1667,-2.4668,0,0
tmqm_4485,Tc,6,4d,17,0.2,-2.437,0,0
tmqm_4174,Tc,6,4d,17,0.1667,-2.437,0,0
tmqm_8008,Ru,5,4d,14,0.1667,-2.4252,0,0
tmqm_7485,Os,8,5d,15,0.125,-2.4154,0,0
tmqm_9015,Co,10,3d,17,0.0714,-2.415,0,0
tmqm_4551,Re,7,5d,15,0.1,-2.4111,0,0
tmqm_1775,Ta,8,5d,15,0.1,-2.3931,0,0
tmqm_3334,W,6,5d,15,0.1111,-2.3897,0,0
tmqm_6334,Ru,6,4d,17,0.2,-2.3874,0,0
tmqm_5105,Fe,8,3d,17,0.1667,-2.3864,0,0
tmqm_9270,Ir,6,5d,17,0.1111,-2.3732,0,0
tmqm_4559,Mn,8,3d,17,0.25,-2.3633,0,0
tmqm_6640,Os,9,5d,14,0.1111,-2.3481,0,0
tmqm_8912,Co,6,3d,14,0.0833,-2.3216,0,0
tmqm_7714,Os,6,5d,15,0.1667,-2.3164,0,0
tmqm_2649,Cr,6,3d,14,0.1667,-2.312,0,0
tmqm_7736,Fe,10,3d,15,0.1,-2.2994,0,0
tmqm_4171,Re,7,5d,15,0.1111,-2.2966,0,0
tmqm_2556,Cr,9,3d,14,0.125,-2.2897,0,0
tmqm_8129,Ir,5,5d,14,0.1111,-2.2832,0,0
tmqm_2857,W,8,5d,15,0.1111,-2.2552,0,0
tmqm_3225,Mo,6,4d,15,0.1667,-2.2094,0,0
tmqm_1036,Zr,6,4d,17,0.1111,-2.2085,0,0
tmqm_3066,Mo,6,4d,17,0.2,-2.2051,0,0
tmqm_8820,Rh,5,4d,14,0.0769,-2.1574,0,0
tmqm_8828,Rh,4,4d,15,0.0833,-2.1548,0,0
tmqm_1013,Zr,5,4d,14,0.2,-2.1484,0,1
tmqm_1854,W,11,5d,14,0.0909,-2.1408,0,0
tmqm_4765,Mn,5,3d,14,0.1,-2.1405,0,0
tmqm_2594,Mo,6,4d,17,0.2,-2.1391,0,0
tmqm_1868,Cr,7,3d,15,0.125,-2.1342,0,0
tmqm_3544,Re,8,5d,14,0.25,-2.1296,0,0
tmqm_3440,Re,9,5d,17,0.3333,-2.1188,0,0
tmqm_3197,Cr,6,3d,17,0.1667,-2.1154,0,0
tmqm_987,Zr,6,4d,14,0.0833,-2.0807,0,0
tmqm_2694,W,9,5d,14,0.3333,-2.0699,0,0
tmqm_4178,Mn,7,3d,17,0.125,-2.0603,0,0
tmqm_1911,Mo,6,4d,15,0.1429,-2.0579,0,0
tmqm_3011,W,7,5d,17,0.25,-2.0555,0,0
tmqm_2510,W,11,5d,15,0.0833,-2.0527,0,0
tmqm_2610,Mo,9,4d,14,0.1667,-2.0285,0,0
tmqm_8538,Rh,8,4d,15,0.0769,-2.0259,0,1
tmqm_9392,Co,6,3d,17,0.0909,-2.0241,0,0
tmqm_7020,Ru,7,4d,15,0.3333,-2.0053,0,1
tmqm_7735,Ru,6,4d,17,0.1429,-2.0019,0,0
tmqm_7809,Fe,5,3d,14,0.1111,-1.9991,0,0
tmqm_74,Sc,7,3d,14,0.125,-1.992,0,0
tmqm_2854,W,6,5d,14,0.1667,-1.99,0,0
tmqm_7643,Ru,7,4d,17,0.1429,-1.9822,0,0
tmqm_1790,Cr,10,3d,14,0.1,-1.9721,0,0
tmqm_8451,Ir,8,5d,14,0.1111,-1.9711,0,0
tmqm_2578,Mo,7,4d,17,0.5,-1.9697,0,0
tmqm_5827,Fe,5,3d,17,0.125,-1.9526,0,0
tmqm_9604,Ir,9,5d,14,0.1429,-1.9312,0,0
tmqm_8161,Ir,5,5d,14,0.0909,-1.9209,0,0
tmqm_3177,W,6,5d,14,0.1429,-1.9028,0,0
tmqm_4884,Ru,6,4d,17,0.1667,-1.8905,0,0
tmqm_3479,Re,4,5d,14,0.0769,-1.8862,0,0
tmqm_5240,Fe,6,3d,17,0.1667,-1.8829,0,0
tmqm_2025,Cr,4,3d,15,0.1667,-1.8796,0,0
tmqm_1367,V,7,3d,14,0.1429,-1.8782,0,0
tmqm_6937,Ru,6,4d,17,0.1429,-1.8661,0,0
tmqm_9433,Rh,8,4d,17,0.0833,-1.8651,0,0
tmqm_3718,Mn,10,3d,13,0.1429,-1.8602,0,0
tmqm_8965,Co,6,3d,17,0.1,-1.8588,0,0
tmqm_3242,W,7,5d,15,0.1429,-1.8562,0,0
tmqm_3909,Mn,12,3d,16,0.2,-1.8552,0,0
tmqm_9456,Ir,6,5d,17,0.1111,-1.8423,0,0
tmqm_6178,Fe,6,3d,17,0.1429,-1.835,0,0
tmqm_7742,Ru,5,4d,15,0.1,-1.8285,0,0
tmqm_3131,W,10,5d,14,0.1429,-1.8151,0,0
tmqm_7181,Fe,7,3d,17,0.1429,-1.807,0,0
tmqm_5011,Ru,6,4d,17,0.1667,-1.7903,0,0
tmqm_733,Ti,10,3d,14,0.125,-1.7882,0,0
tmqm_1828,W,6,5d,14,0.1111,-1.7858,0,0
tmqm_123,Y,7,4d,14,0.25,-1.7778,0,0
tmqm_769,Hf,7,5d,17,0.0769,-1.7764,0,0
tmqm_4412,Re,8,5d,17,0.125,-1.7752,0,0
tmqm_279,La,9,5d,14,0.1429,-1.7677,0,0
tmqm_7823,Fe,6,3d,14,0.1429,-1.7665,0,0
tmqm_2346,W,10,5d,14,0.1429,-1.762,0,0
tmqm_1205,Ti,7,3d,17,0.125,-1.7542,0,0
tmqm_7239,Ru,11,4d,15,0.2,-1.7501,0,0
tmqm_5587,Fe,9,3d,15,0.1429,-1.7488,0,0
tmqm_6444,Fe,8,3d,14,0.1111,-1.7462,0,0
tmqm_3776,Re,8,5d,17,0.2,-1.7432,0,0
tmqm_7851,Ru,5,4d,17,0.125,-1.7397,0,0
tmqm_5977,Ru,6,4d,17,0.25,-1.7253,0,0
tmqm_7528,Os,8,5d,17,0.1667,-1.723,0,0
tmqm_5915,Ru,8,4d,15,0.1667,-1.716,0,0
tmqm_2768,W,10,5d,17,0.25,-1.7124,0,0
tmqm_7533,Fe,6,3d,17,0.125,-1.7115,0,0
tmqm_6395,Ru,10,4d,17,0.1429,-1.7111,0,0
tmqm_490,Ti,10,3d,14,0.0833,-1.7095,0,0
tmqm_6338,Ru,7,4d,17,0.2,-1.7039,0,0
tmqm_7538,Fe,10,3d,17,0.2,-1.7036,0,1
tmqm_6581,Os,8,5d,14,0.125,-1.6894,0,0
tmqm_7322,Fe,10,3d,17,0.2,-1.675,0,0
tmqm_1897,Mo,6,4d,17,0.25,-1.6633,0,0
tmqm_4707,Re,4,5d,13,0.25,-1.6621,0,0
tmqm_5872,Os,4,5d,14,0.1667,-1.6601,0,0
tmqm_1358,V,5,3d,14,0.2,-1.6496,0,0
tmqm_98,Y,4,4d,14,0.1429,-1.648,0,0
tmqm_3279,W,6,5d,17,0.1429,-1.6479,0,1
tmqm_2237,W,8,5d,15,0.1667,-1.6442,0,0
tmqm_4646,Mn,7,3d,15,0.1667,-1.639,0,0
tmqm_1216,Zr,7,4d,15,0.1667,-1.634,0,0
tmqm_2682,Mo,5,4d,15,0.2,-1.634,0,0
tmqm_1458,V,10,3d,15,0.1667,-1.6335,0,0
tmqm_8160,Ir,6,5d,17,0.125,-1.6323,0,0
tmqm_4528,Re,8,5d,17,0.1667,-1.6321,0,0
tmqm_9411,Ir,6,5d,17,0.0833,-1.6302,0,0
tmqm_5840,Ru,12,4d,13,0.125,-1.6277,0,0
tmqm_2110,Mo,8,4d,14,0.2,-1.6238,0,0
tmqm_5608,Fe,6,3d,14,0.125,-1.6212,0,0
tmqm_6933,Fe,5,3d,14,0.1,-1.6122,0,0
tmqm_9241,Ir,4,5d,14,0.1111,-1.6055,0,0
tmqm_6674,Os,8,5d,14,0.1429,-1.603,0,0
tmqm_5338,Ru,6,4d,17,0.25,-1.6023,0,0
tmqm_9877,Rh,4,4d,17,0.0833,-1.6011,0,0
tmqm_8281,Ir,5,5d,14,0.1,-1.601,0,0
tmqm_293,Y,4,4d,14,0.125,-1.5884,0,0
tmqm_6964,Fe,9,3d,17,0.125,-1.5853,0,0
tmqm_5454,Fe,7,3d,17,0.125,-1.5852,0,0
tmqm_5740,Os,5,5d,14,0.3333,-1.5838,0,0
tmqm_8823,Co,4,3d,14,0.1,-1.5674,0,1
tmqm_2616,Cr,6,3d,17,0.1111,-1.5649,0,1
tmqm_7816,Fe,9,3d,17,0.2,-1.5629,0,0
tmqm_1654,V,11,3d,16,0.1429,-1.5593,0,1
tmqm_1839,Cr,8,3d,17,0.1111,-1.5587,0,0
tmqm_3183,Mo,7,4d,15,0.25,-1.5582,0,0
tmqm_1002,Hf,8,5d,14,0.1667,-1.5543,0,0
tmqm_4779,Re,8,5d,17,0.1667,-1.5527,0,0
tmqm_5456,Fe,9,3d,15,0.1667,-1.5513,0,0
tmqm_6915,Fe,6,3d,17,0.1111,-1.5419,0,0
tmqm_9513,Ir,6,5d,14,0.1429,-1.5383,0,0
tmqm_3315,W,6,5d,17,0.3333,-1.5357,0,0
tmqm_1586,V,7,3d,14,0.2,-1.5344,0,0
tmqm_1593,Nb,9,4d,14,0.1667,-1.5343,0,0
tmqm_3593,Re,6,5d,17,0.25,-1.5242,0,0
tmqm_1266,Hf,13,5d,14,0.1667,-1.5239,0,0
tmqm_2299,Cr,6,3d,17,0.1667,-1.5213,0,0
tmqm_1088,Zr,13,4d,15,0.2,-1.5202,0,0
tmqm_3611,Re,10,5d,13,0.1111,-1.5199,0,0
tmqm_958,Ti,5,3d,15,0.1667,-1.5164,0,0
tmqm_4154,Re,6,5d,15,0.1667,-1.5137,0,0
tmqm_6366,Fe,10,3d,17,0.1667,-1.5135,0,0
tmqm_234,Y,8,4d,14,0.25,-1.5124,0,0
tmqm_5205,Fe,8,3d,14,0.2,-1.5115,0,0
tmqm_8918,Ir,6,5d,15,0.1111,-1.5109,0,0
tmqm_6055,Fe,3,3d,14,0.125,-1.5054,0,0
tmqm_4509,Mn,5,3d,17,0.1667,-1.502,0,0
tmqm_8511,Co,10,3d,17,0.0769,-1.4922,0,1
tmqm_5201,Os,7,5d,17,0.125,-1.4917,0,0
tmqm_2790,Mo,6,4d,17,0.2,-1.485,0,0
tmqm_6337,Os,7,5d,15,0.25,-1.4727,0,0
tmqm_7892,Ru,7,4d,17,0.125,-1.4686,0,0
tmqm_2141,Mo,7,4d,15,0.2,-1.4676,0,1
tmqm_1286,Zr,6,4d,14,0.1667,-1.4662,0,0
tmqm_5734,Ru,5,4d,15,0.25,-1.4561,0,0
tmqm_7518,Fe,6,3d,17,0.125,-1.4556,0,0
tmqm_2687,W,5,5d,15,0.1111,-1.4521,0,0
tmqm_4250,Re,5,5d,15,0.2,-1.4476,0,0
tmqm_9316,Ir,8,5d,15,0.1111,-1.4468,0,0
