panel,data_type,pair_id,cis_refcode,trans_refcode,cis_value,trans_value,unit,analysis_source,model,metric,value,ci_low,ci_high,direction_concordance,n_pairs,paired_randomization_p,n_graph_clusters,relative_improvement_fraction,descriptive_sign_probability
A,SUHQ_pair,bc3f7efb293e02c6af2bd89d7fd25c46b7daca5b4291d53332c730fdd0462d50,SUHQIW,SUHQOC,12.954299926757812,0.0023999214172363,D,coordstatepairs-cartesian-complete-radius-postprocessing-v3-clean-shapes,,,,,,,,,,,
B,relation_identifiable_pair,0b680bff1b0c9b4ff7148b9b7558b431d1f56523568ae2516dee21a4112f4139,IGOCEN,IGOCAJ,6.407599925994873,4.715199947357178,D,coordstatepairs-cartesian-complete-radius-postprocessing-v3-clean-shapes,,,,,,,,,,,
B,relation_identifiable_pair,11b57d70090c92766701a92ae959ddcc7ba63a086885b4acb5ebea9bda9f41eb,NUDGIC,TECWEE,10.658498764038086,1.14139986038208,D,coordstatepairs-cartesian-complete-radius-postprocessing-v3-clean-shapes,,,,,,,,,,,
B,relation_identifiable_pair,2189c80c2facf660fb01e8e6e86ea9e0974abeec33be9d3a3eb36c525f33bde9,MADZUO,PAHNUJ,9.511300086975098,6.388999938964844,D,coordstatepairs-cartesian-complete-radius-postprocessing-v3-clean-shapes,,,,,,,,,,,
B,relation_identifiable_pair,2d9c6aa2c64e5247380ce19e8b803c6291d596c83475420714f27688f2d03a3d,FORNUW,FOXFAA,11.606800079345703,2.0968003273010254,D,coordstatepairs-cartesian-complete-radius-postprocessing-v3-clean-shapes,,,,,,,,,,,
B,relation_identifiable_pair,37b7b6b1a0cc5d2b1afb1cfbd93499a6a3f763d59f0627c5aa71a7fc27fbb693,VAZWEY,NEFXAY,7.971199989318848,2.670399904251098,D,coordstatepairs-cartesian-complete-radius-postprocessing-v3-clean-shapes,,,,,,,,,,,
B,relation_identifiable_pair,42a22e223b13ce502f992fa7cb127b1b99039bc674567f891eac7172c6d74aec,CUHXUZ,CUHXOT,8.985300064086914,2.4602999687194824,D,coordstatepairs-cartesian-complete-radius-postprocessing-v3-clean-shapes,,,,,,,,,,,
B,relation_identifiable_pair,46f4f6d6a8271f8c45a31ccd5fb362a53c06ffee3c328a4d5543b2cfb294740e,SASJOL,KARNIA,9.259099960327148,3.184499979019165,D,coordstatepairs-cartesian-complete-radius-postprocessing-v3-clean-shapes,,,,,,,,,,,
B,relation_identifiable_pair,4f98784d94bc5f2cdc9e490923f796de71f23bbe7e12a1eedf223e36caaef1c7,HEFQIU,HEFQOA,6.491300106048584,0.003699779510498,D,coordstatepairs-cartesian-complete-radius-postprocessing-v3-clean-shapes,,,,,,,,,,,
B,relation_identifiable_pair,580e24d42deae5fe8c1bb8cd0c113166609b23998b04b416f6692b5030fea932,KIXMIO,FENWEB,2.468899965286255,0.0794000625610351,D,coordstatepairs-cartesian-complete-radius-postprocessing-v3-clean-shapes,,,,,,,,,,,
B,relation_identifiable_pair,5c401ef579c3a60d1d97df5e67a3d62e8f91946f9a9d9a3c686197e288d1901d,HEFQAM,HEFPUF,6.421800136566162,0.0005998611450195,D,coordstatepairs-cartesian-complete-radius-postprocessing-v3-clean-shapes,,,,,,,,,,,
B,relation_identifiable_pair,5f8892aa0b64b8405ab6809b4982236a8540b311b48b595cdf2fc6f0f40320f1,MIQTIT,MIQTOZ,10.810999870300291,0.0040998458862304,D,coordstatepairs-cartesian-complete-radius-postprocessing-v3-clean-shapes,,,,,,,,,,,
B,relation_identifiable_pair,63ac1684aac074596a5ee0d7d42c3e9bc9a271bf40a851653caf23c2efcc88a1,GAXGOB,FIRCEO,6.062300205230713,2.600800037384033,D,coordstatepairs-cartesian-complete-radius-postprocessing-v3-clean-shapes,,,,,,,,,,,
B,relation_identifiable_pair,6fd43ee9137ed53e7136cad3bd0de35aabd67d35ff3dfba007b485b81d7b11f6,KOJQEF,XAJWEL,4.873600006103516,0.005199909210205,D,coordstatepairs-cartesian-complete-radius-postprocessing-v3-clean-shapes,,,,,,,,,,,
B,relation_identifiable_pair,75ed7d3a7de6c4685d43d252b4de849e45854df0b8975224f5cca0cfbf43aeec,KEMJES,XETPUI,11.776901245117188,3.640599966049193,D,coordstatepairs-cartesian-complete-radius-postprocessing-v3-clean-shapes,,,,,,,,,,,
B,relation_identifiable_pair,886a49d90a657fe1f96602811ca842138ad654a41f5eacd0acd629eebf4c55e6,ROFYAM,ROGTEM,8.074600219726562,2.637399911880493,D,coordstatepairs-cartesian-complete-radius-postprocessing-v3-clean-shapes,,,,,,,,,,,
B,relation_identifiable_pair,8a3bbdbe21780d6f06b446e2bdf41ebbb763dddc9f28dda512fc9b1e087eea2b,NEJVOO,YEGCET,8.545999526977539,2.3060998916625977,D,coordstatepairs-cartesian-complete-radius-postprocessing-v3-clean-shapes,,,,,,,,,,,
B,relation_identifiable_pair,8c1f4daa7730883481353b3112391173f067460a5e01576c7d84d8cd662c15a6,WIBCEQ,WICBUG,6.060200214385986,0.0018000602722167,D,coordstatepairs-cartesian-complete-radius-postprocessing-v3-clean-shapes,,,,,,,,,,,
B,relation_identifiable_pair,90c0c46e560bb998bae0e81d81e69176332f324fd9bd47bfc8845c5bb00d8249,NIRXUK,NIHVUY,1.086899757385254,0.0079002380371093,D,coordstatepairs-cartesian-complete-radius-postprocessing-v3-clean-shapes,,,,,,,,,,,
B,relation_identifiable_pair,af61686725d50cb029958d6fd4e94173ffc60cd0a66542dfd21468605837d562,MESIRA,MESIRB,6.093400001525879,0.5531001091003418,D,coordstatepairs-cartesian-complete-radius-postprocessing-v3-clean-shapes,,,,,,,,,,,
B,relation_identifiable_pair,b1d53e44f630f801784c2248d05435b3e71b4220b245b2fa25a095e922cf8165,PIGJAR,JIFWAX,8.216500282287598,0.2841000556945801,D,coordstatepairs-cartesian-complete-radius-postprocessing-v3-clean-shapes,,,,,,,,,,,
B,relation_identifiable_pair,b45534b079cec93e1c70bf6afae842eee6287340ac6e493ebcae01b65ae1237a,YEFPOQ,YEFPUW,1.117499828338623,2.598900079727173,D,coordstatepairs-cartesian-complete-radius-postprocessing-v3-clean-shapes,,,,,,,,,,,
B,relation_identifiable_pair,b8eda66964d82a482cc2ae4d60515539e64691352f18c16890393b249122311e,IGOROL,IGORUR,9.04360008239746,5.3531999588012695,D,coordstatepairs-cartesian-complete-radius-postprocessing-v3-clean-shapes,,,,,,,,,,,
B,relation_identifiable_pair,bc3f7efb293e02c6af2bd89d7fd25c46b7daca5b4291d53332c730fdd0462d50,SUHQIW,SUHQOC,12.954299926757812,0.0023999214172363,D,coordstatepairs-cartesian-complete-radius-postprocessing-v3-clean-shapes,,,,,,,,,,,
B,relation_identifiable_pair,c1a30dfcee9e5f6d5faaa5eb39721279e1cc523b436da79ab8cb9f6bb63af12a,FISXAI,FISVIO,11.14169979095459,0.0946998596191405,D,coordstatepairs-cartesian-complete-radius-postprocessing-v3-clean-shapes,,,,,,,,,,,
B,relation_identifiable_pair,d6e27d0772f079c33b4d537ff589ebc57bff8e99a9ffbe6ac26caf99b56628b4,YASKUA,YASMAI,13.517800331115724,1.0776000022888184,D,coordstatepairs-cartesian-complete-radius-postprocessing-v3-clean-shapes,,,,,,,,,,,
B,relation_identifiable_pair,d78c5e8fea956d823ceb62bdaef5c7ea3b598fda3450d53c296009253cc32455,CUCMOE,CUCNAR,9.913100242614746,0.6329002380371094,D,coordstatepairs-cartesian-complete-radius-postprocessing-v3-clean-shapes,,,,,,,,,,,
B,relation_identifiable_pair,dac5d4a1a695921729c338520a8e3397042ed53883dd84c0638729311e10ec07,SOGVEQ,KEZWAP,3.083199977874756,0.0008001327514648,D,coordstatepairs-cartesian-complete-radius-postprocessing-v3-clean-shapes,,,,,,,,,,,
B,relation_identifiable_pair,e88d1897fb507777fed5300d9811ff6720595168d7cad16c0c0f79a48f522f73,EFUTUV,GOHYUY,9.975799560546877,0.0012998580932617,D,coordstatepairs-cartesian-complete-radius-postprocessing-v3-clean-shapes,,,,,,,,,,,
B,relation_identifiable_pair,f15eeafa4232b573f318937553772966f46fc0b07b5c2d9d9b3c4dd77a285cc5,GUGZEN,GUGZIR,8.101200103759766,4.443399906158447,D,coordstatepairs-cartesian-complete-radius-postprocessing-v3-clean-shapes,,,,,,,,,,,
B,relation_identifiable_pair,fd9a981d4cffeb017d9f6c697e5c9cbdf0cb15c77b139f939d6d884e7cdfd7ab,HITKIE,HITKOK,13.00879955291748,3.827199935913086,D,coordstatepairs-cartesian-complete-radius-postprocessing-v3-clean-shapes,,,,,,,,,,,
B,relation_identifiable_pair,ff022f20281a3c540f628f3bf46ad44d250bd1737690f3d84165e6219b9517f1,VIRXOK,VIWPIB,4.425000190734863,0.0125999450683593,D,coordstatepairs-cartesian-complete-radius-postprocessing-v3-clean-shapes,,,,,,,,,,,
C,automatic34_model_metric,,,,,,D,coordstatepairs-cartesian-complete-radius-postprocessing-v3-clean-shapes,gine_wide,pair_difference_mae,5.868914682507984,4.708608488331309,7.05522984645479,0.5,34.0,,,,
C,automatic34_model_metric,,,,,,D,coordstatepairs-cartesian-complete-radius-postprocessing-v3-clean-shapes,coordrep_relation_masked,pair_difference_mae,5.2184893523945535,4.141020165237726,6.33382362659071,0.7941176470588235,34.0,,,,
C,automatic34_model_metric,,,,,,D,coordstatepairs-cartesian-complete-radius-postprocessing-v3-clean-shapes,coordrep_relation_full,pair_difference_mae,1.3278990306106262,0.9972591629799672,1.6844527239892984,0.9411764705882352,34.0,,,,
C,automatic34_model_metric,,,,,,D,coordstatepairs-cartesian-complete-radius-postprocessing-v3-clean-shapes,schnet_3d,pair_difference_mae,0.8001627407821955,0.5689396567788777,1.0644434606327722,1.0,34.0,,,,
C,automatic34_model_metric,,,,,,D,coordstatepairs-cartesian-complete-radius-postprocessing-v3-clean-shapes,visnet_3d,pair_difference_mae,0.4814681819840974,0.3516972074321674,0.6175619570063609,1.0,34.0,,,,
C,relation_hidden_vs_full_contrast,,,,,,D,coordstatepairs-cartesian-complete-radius-postprocessing-v3-clean-shapes,coordrep_relation_masked_minus_full,,3.8905903217839257,2.8638378268947804,4.944537213736889,,34.0,4.999975000125e-06,,,
D,clean44_gap_model_metric,,,,,,eV,coordstatepairs-cartesian-complete-radius-postprocessing-v3-clean-shapes,gine_wide,pair_difference_mae,0.5355942953716624,0.2756507917728508,0.8663582677543163,0.5,44.0,,31.0,,
D,clean44_gap_model_metric,,,,,,eV,coordstatepairs-cartesian-complete-radius-postprocessing-v3-clean-shapes,hybrid_mask_shape,pair_difference_mae,0.3598239665681664,0.2451161135848293,0.4844018609061105,0.6704545454545454,44.0,,31.0,,
D,clean44_gap_model_metric,,,,,,eV,coordstatepairs-cartesian-complete-radius-postprocessing-v3-clean-shapes,hybrid,pair_difference_mae,0.2454443745540849,0.1951317427184445,0.2886434391470148,0.8409090909090909,44.0,,31.0,,
D,clean44_gap_model_metric,,,,,,eV,coordstatepairs-cartesian-complete-radius-postprocessing-v3-clean-shapes,schnet_3d,pair_difference_mae,0.3746987635439091,0.2125927743119324,0.559082695500382,0.7727272727272727,44.0,,31.0,,
D,clean44_gap_model_metric,,,,,,eV,coordstatepairs-cartesian-complete-radius-postprocessing-v3-clean-shapes,visnet_3d,pair_difference_mae,0.3907315740079589,0.2441318906830381,0.5500198718914011,0.7727272727272727,44.0,,31.0,,
D,shape_hidden_vs_full_contrast,,,,,,eV,coordstatepairs-cartesian-complete-radius-postprocessing-v3-clean-shapes,hybrid_mask_shape_minus_hybrid,,0.1143795920140814,0.0173120370481766,0.2159324706594148,,44.0,,31.0,0.3178765247489789,0.0092995350232488
